,model,region,scenario,unit,variable,Year,Emissions
0,REMIND-MAGPIE,World,ssp585,Mt BC / yr,Emissions|BC,2015,9.7274
1,REMIND-MAGPIE,World,ssp585,Mt CH4 / yr,Emissions|CH4,2015,388.073
2,REMIND-MAGPIE,World,ssp585,Mt CO / yr,Emissions|CO,2015,934.35
3,REMIND-MAGPIE,World,ssp585,Mt CO2 / yr,Emissions|CO2|MAGICC AFOLU,2015,3517.44
4,REMIND-MAGPIE,World,ssp585,Mt CO2 / yr,Emissions|CO2|MAGICC Fossil and Industrial,2015,35635.3
5,REMIND-MAGPIE,World,ssp585,Mt NH3 / yr,Emissions|NH3,2015,65.2797
6,REMIND-MAGPIE,World,ssp585,Mt NOx / yr,Emissions|NOx,2015,155.52
7,REMIND-MAGPIE,World,ssp585,Mt OC / yr,Emissions|OC,2015,34.746
8,REMIND-MAGPIE,World,ssp585,Mt SO2 / yr,Emissions|Sulfur,2015,100.771
9,REMIND-MAGPIE,World,ssp585,Mt VOC / yr,Emissions|VOC,2015,227.245
10,REMIND-MAGPIE,World,ssp585,kt C2F6 / yr,Emissions|C2F6,2015,1.57
11,REMIND-MAGPIE,World,ssp585,kt C3F8 / yr,Emissions|C3F8,2015,0.4478
12,REMIND-MAGPIE,World,ssp585,kt C4F10 / yr,Emissions|C4F10,2015,0.0994
13,REMIND-MAGPIE,World,ssp585,kt C5F12 / yr,Emissions|C5F12,2015,0.0435
14,REMIND-MAGPIE,World,ssp585,kt C6F14 / yr,Emissions|C6F14,2015,0.35
15,REMIND-MAGPIE,World,ssp585,kt C7F16 / yr,Emissions|C7F16,2015,0.2338
16,REMIND-MAGPIE,World,ssp585,kt C8F18 / yr,Emissions|C8F18,2015,0.1014
17,REMIND-MAGPIE,World,ssp585,kt CCl4 / yr,Emissions|CCl4,2015,47.5476
18,REMIND-MAGPIE,World,ssp585,kt CF4 / yr,Emissions|CF4,2015,10.8699
19,REMIND-MAGPIE,World,ssp585,kt CFC11 / yr,Emissions|CFC11,2015,43.5734
20,REMIND-MAGPIE,World,ssp585,kt CFC113 / yr,Emissions|CFC113,2015,0.8742
21,REMIND-MAGPIE,World,ssp585,kt CFC114 / yr,Emissions|CFC114,2015,1.6696
22,REMIND-MAGPIE,World,ssp585,kt CFC115 / yr,Emissions|CFC115,2015,1.6714
23,REMIND-MAGPIE,World,ssp585,kt CFC12 / yr,Emissions|CFC12,2015,14.6096
24,REMIND-MAGPIE,World,ssp585,kt CH2Cl2 / yr,Emissions|CH2Cl2,2015,1267.98
25,REMIND-MAGPIE,World,ssp585,kt CH3Br / yr,Emissions|CH3Br,2015,133.823
26,REMIND-MAGPIE,World,ssp585,kt CH3CCl3 / yr,Emissions|CH3CCl3,2015,0.0
27,REMIND-MAGPIE,World,ssp585,kt CH3Cl / yr,Emissions|CH3Cl,2015,5404.81
28,REMIND-MAGPIE,World,ssp585,kt CHCl3 / yr,Emissions|CHCl3,2015,459.646
29,REMIND-MAGPIE,World,ssp585,kt HCFC141b / yr,Emissions|HCFC141b,2015,59.82
30,REMIND-MAGPIE,World,ssp585,kt HCFC142b / yr,Emissions|HCFC142b,2015,22.47
31,REMIND-MAGPIE,World,ssp585,kt HCFC22 / yr,Emissions|HCFC22,2015,358.881
32,REMIND-MAGPIE,World,ssp585,kt HFC125 / yr,Emissions|HFC125,2015,78.7906
33,REMIND-MAGPIE,World,ssp585,kt HFC134a / yr,Emissions|HFC134a,2015,201.953
34,REMIND-MAGPIE,World,ssp585,kt HFC143a / yr,Emissions|HFC143a,2015,32.381
35,REMIND-MAGPIE,World,ssp585,kt HFC152a / yr,Emissions|HFC152a,2015,55.8814
36,REMIND-MAGPIE,World,ssp585,kt HFC227ea / yr,Emissions|HFC227ea,2015,3.6633
37,REMIND-MAGPIE,World,ssp585,kt HFC23 / yr,Emissions|HFC23,2015,14.4857
38,REMIND-MAGPIE,World,ssp585,kt HFC236fa / yr,Emissions|HFC236fa,2015,0.2604
39,REMIND-MAGPIE,World,ssp585,kt HFC245fa / yr,Emissions|HFC245fa,2015,11.7285
40,REMIND-MAGPIE,World,ssp585,kt HFC32 / yr,Emissions|HFC32,2015,38.5792
41,REMIND-MAGPIE,World,ssp585,kt HFC365mfc / yr,Emissions|HFC365mfc,2015,4.6492
42,REMIND-MAGPIE,World,ssp585,kt HFC4310mee / yr,Emissions|HFC4310mee,2015,1.1516
43,REMIND-MAGPIE,World,ssp585,kt Halon1202 / yr,Emissions|Halon1202,2015,0.0
44,REMIND-MAGPIE,World,ssp585,kt Halon1211 / yr,Emissions|Halon1211,2015,3.2933
45,REMIND-MAGPIE,World,ssp585,kt Halon1301 / yr,Emissions|Halon1301,2015,1.3378
46,REMIND-MAGPIE,World,ssp585,kt Halon2402 / yr,Emissions|Halon2402,2015,0.3481
47,REMIND-MAGPIE,World,ssp585,kt N2O / yr,Emissions|N2O,2015,10900.0
48,REMIND-MAGPIE,World,ssp585,kt NF3 / yr,Emissions|NF3,2015,1.3581
49,REMIND-MAGPIE,World,ssp585,kt SF6 / yr,Emissions|SF6,2015,8.02
50,REMIND-MAGPIE,World,ssp585,kt SO2F2 / yr,Emissions|SO2F2,2015,2.5317
51,REMIND-MAGPIE,World,ssp585,kt cC4F8 / yr,Emissions|cC4F8,2015,1.2672
52,IMAGE,World,ssp119,Mt BC / yr,Emissions|BC,2015,9.7274
53,IMAGE,World,ssp119,Mt CH4 / yr,Emissions|CH4,2015,388.073
54,IMAGE,World,ssp119,Mt CO / yr,Emissions|CO,2015,934.35
55,IMAGE,World,ssp119,Mt CO2 / yr,Emissions|CO2|MAGICC AFOLU,2015,3517.44
56,IMAGE,World,ssp119,Mt CO2 / yr,Emissions|CO2|MAGICC Fossil and Industrial,2015,35635.3
57,IMAGE,World,ssp119,Mt NH3 / yr,Emissions|NH3,2015,65.2797
58,IMAGE,World,ssp119,Mt NOx / yr,Emissions|NOx,2015,155.52
59,IMAGE,World,ssp119,Mt OC / yr,Emissions|OC,2015,34.746
60,IMAGE,World,ssp119,Mt SO2 / yr,Emissions|Sulfur,2015,100.771
61,IMAGE,World,ssp119,Mt VOC / yr,Emissions|VOC,2015,227.245
62,IMAGE,World,ssp119,kt C2F6 / yr,Emissions|C2F6,2015,1.57
63,IMAGE,World,ssp119,kt C3F8 / yr,Emissions|C3F8,2015,0.4478
64,IMAGE,World,ssp119,kt C4F10 / yr,Emissions|C4F10,2015,0.0994
65,IMAGE,World,ssp119,kt C5F12 / yr,Emissions|C5F12,2015,0.0435
66,IMAGE,World,ssp119,kt C6F14 / yr,Emissions|C6F14,2015,0.35
67,IMAGE,World,ssp119,kt C7F16 / yr,Emissions|C7F16,2015,0.2338
68,IMAGE,World,ssp119,kt C8F18 / yr,Emissions|C8F18,2015,0.1014
69,IMAGE,World,ssp119,kt CCl4 / yr,Emissions|CCl4,2015,47.5476
70,IMAGE,World,ssp119,kt CF4 / yr,Emissions|CF4,2015,10.8699
71,IMAGE,World,ssp119,kt CFC11 / yr,Emissions|CFC11,2015,43.5734
72,IMAGE,World,ssp119,kt CFC113 / yr,Emissions|CFC113,2015,0.8742
73,IMAGE,World,ssp119,kt CFC114 / yr,Emissions|CFC114,2015,1.6696
74,IMAGE,World,ssp119,kt CFC115 / yr,Emissions|CFC115,2015,1.6714
75,IMAGE,World,ssp119,kt CFC12 / yr,Emissions|CFC12,2015,14.6096
76,IMAGE,World,ssp119,kt CH2Cl2 / yr,Emissions|CH2Cl2,2015,1267.98
77,IMAGE,World,ssp119,kt CH3Br / yr,Emissions|CH3Br,2015,133.823
78,IMAGE,World,ssp119,kt CH3CCl3 / yr,Emissions|CH3CCl3,2015,0.0
79,IMAGE,World,ssp119,kt CH3Cl / yr,Emissions|CH3Cl,2015,5404.81
80,IMAGE,World,ssp119,kt CHCl3 / yr,Emissions|CHCl3,2015,459.646
81,IMAGE,World,ssp119,kt HCFC141b / yr,Emissions|HCFC141b,2015,59.82
82,IMAGE,World,ssp119,kt HCFC142b / yr,Emissions|HCFC142b,2015,22.47
83,IMAGE,World,ssp119,kt HCFC22 / yr,Emissions|HCFC22,2015,358.881
84,IMAGE,World,ssp119,kt HFC125 / yr,Emissions|HFC125,2015,78.7906
85,IMAGE,World,ssp119,kt HFC134a / yr,Emissions|HFC134a,2015,201.953
86,IMAGE,World,ssp119,kt HFC143a / yr,Emissions|HFC143a,2015,32.381
87,IMAGE,World,ssp119,kt HFC152a / yr,Emissions|HFC152a,2015,55.8814
88,IMAGE,World,ssp119,kt HFC227ea / yr,Emissions|HFC227ea,2015,3.6633
89,IMAGE,World,ssp119,kt HFC23 / yr,Emissions|HFC23,2015,14.4857
90,IMAGE,World,ssp119,kt HFC236fa / yr,Emissions|HFC236fa,2015,0.2604
91,IMAGE,World,ssp119,kt HFC245fa / yr,Emissions|HFC245fa,2015,11.7285
92,IMAGE,World,ssp119,kt HFC32 / yr,Emissions|HFC32,2015,38.5792
93,IMAGE,World,ssp119,kt HFC365mfc / yr,Emissions|HFC365mfc,2015,4.6492
94,IMAGE,World,ssp119,kt HFC4310mee / yr,Emissions|HFC4310mee,2015,1.1516
95,IMAGE,World,ssp119,kt Halon1202 / yr,Emissions|Halon1202,2015,0.0
96,IMAGE,World,ssp119,kt Halon1211 / yr,Emissions|Halon1211,2015,3.2933
97,IMAGE,World,ssp119,kt Halon1301 / yr,Emissions|Halon1301,2015,1.3378
98,IMAGE,World,ssp119,kt Halon2402 / yr,Emissions|Halon2402,2015,0.3481
99,IMAGE,World,ssp119,kt N2O / yr,Emissions|N2O,2015,10900.0
100,IMAGE,World,ssp119,kt NF3 / yr,Emissions|NF3,2015,1.3581
101,IMAGE,World,ssp119,kt SF6 / yr,Emissions|SF6,2015,8.02
102,IMAGE,World,ssp119,kt SO2F2 / yr,Emissions|SO2F2,2015,2.5317
103,IMAGE,World,ssp119,kt cC4F8 / yr,Emissions|cC4F8,2015,1.2672
104,REMIND-MAGPIE,World,ssp585,Mt BC / yr,Emissions|BC,2020,9.4165
105,REMIND-MAGPIE,World,ssp585,Mt CH4 / yr,Emissions|CH4,2020,397.464
106,REMIND-MAGPIE,World,ssp585,Mt CO / yr,Emissions|CO,2020,884.161
107,REMIND-MAGPIE,World,ssp585,Mt CO2 / yr,Emissions|CO2|MAGICC AFOLU,2020,3949.69
108,REMIND-MAGPIE,World,ssp585,Mt CO2 / yr,Emissions|CO2|MAGICC Fossil and Industrial,2020,39762.7
109,REMIND-MAGPIE,World,ssp585,Mt NH3 / yr,Emissions|NH3,2020,69.6816
110,REMIND-MAGPIE,World,ssp585,Mt NOx / yr,Emissions|NOx,2020,162.672
111,REMIND-MAGPIE,World,ssp585,Mt OC / yr,Emissions|OC,2020,30.9321
112,REMIND-MAGPIE,World,ssp585,Mt SO2 / yr,Emissions|Sulfur,2020,80.1508
113,REMIND-MAGPIE,World,ssp585,Mt VOC / yr,Emissions|VOC,2020,229.234
114,REMIND-MAGPIE,World,ssp585,kt C2F6 / yr,Emissions|C2F6,2020,2.0176
115,REMIND-MAGPIE,World,ssp585,kt C3F8 / yr,Emissions|C3F8,2020,0.5755
116,REMIND-MAGPIE,World,ssp585,kt C4F10 / yr,Emissions|C4F10,2020,0.1278
117,REMIND-MAGPIE,World,ssp585,kt C5F12 / yr,Emissions|C5F12,2020,0.0559
118,REMIND-MAGPIE,World,ssp585,kt C6F14 / yr,Emissions|C6F14,2020,0.4498
119,REMIND-MAGPIE,World,ssp585,kt C7F16 / yr,Emissions|C7F16,2020,0.3005
120,REMIND-MAGPIE,World,ssp585,kt C8F18 / yr,Emissions|C8F18,2020,0.1303
121,REMIND-MAGPIE,World,ssp585,kt CCl4 / yr,Emissions|CCl4,2020,34.8954
122,REMIND-MAGPIE,World,ssp585,kt CF4 / yr,Emissions|CF4,2020,12.7461
123,REMIND-MAGPIE,World,ssp585,kt CFC11 / yr,Emissions|CFC11,2020,35.1105
124,REMIND-MAGPIE,World,ssp585,kt CFC113 / yr,Emissions|CFC113,2020,0.411
125,REMIND-MAGPIE,World,ssp585,kt CFC114 / yr,Emissions|CFC114,2020,0.8978
126,REMIND-MAGPIE,World,ssp585,kt CFC115 / yr,Emissions|CFC115,2020,1.3855
127,REMIND-MAGPIE,World,ssp585,kt CFC12 / yr,Emissions|CFC12,2020,6.0003
128,REMIND-MAGPIE,World,ssp585,kt CH2Cl2 / yr,Emissions|CH2Cl2,2020,1583.21
129,REMIND-MAGPIE,World,ssp585,kt CH3Br / yr,Emissions|CH3Br,2020,142.015
130,REMIND-MAGPIE,World,ssp585,kt CH3CCl3 / yr,Emissions|CH3CCl3,2020,0.0
131,REMIND-MAGPIE,World,ssp585,kt CH3Cl / yr,Emissions|CH3Cl,2020,5599.69
132,REMIND-MAGPIE,World,ssp585,kt CHCl3 / yr,Emissions|CHCl3,2020,513.056
133,REMIND-MAGPIE,World,ssp585,kt HCFC141b / yr,Emissions|HCFC141b,2020,64.9344
134,REMIND-MAGPIE,World,ssp585,kt HCFC142b / yr,Emissions|HCFC142b,2020,20.0708
135,REMIND-MAGPIE,World,ssp585,kt HCFC22 / yr,Emissions|HCFC22,2020,322.601
136,REMIND-MAGPIE,World,ssp585,kt HFC125 / yr,Emissions|HFC125,2020,174.747
137,REMIND-MAGPIE,World,ssp585,kt HFC134a / yr,Emissions|HFC134a,2020,264.285
138,REMIND-MAGPIE,World,ssp585,kt HFC143a / yr,Emissions|HFC143a,2020,63.6446
139,REMIND-MAGPIE,World,ssp585,kt HFC152a / yr,Emissions|HFC152a,2020,62.7936
140,REMIND-MAGPIE,World,ssp585,kt HFC227ea / yr,Emissions|HFC227ea,2020,5.6131
141,REMIND-MAGPIE,World,ssp585,kt HFC23 / yr,Emissions|HFC23,2020,2.665
142,REMIND-MAGPIE,World,ssp585,kt HFC236fa / yr,Emissions|HFC236fa,2020,0.4747
143,REMIND-MAGPIE,World,ssp585,kt HFC245fa / yr,Emissions|HFC245fa,2020,21.3796
144,REMIND-MAGPIE,World,ssp585,kt HFC32 / yr,Emissions|HFC32,2020,7.0976
145,REMIND-MAGPIE,World,ssp585,kt HFC365mfc / yr,Emissions|HFC365mfc,2020,6.0842
146,REMIND-MAGPIE,World,ssp585,kt HFC4310mee / yr,Emissions|HFC4310mee,2020,1.294
147,REMIND-MAGPIE,World,ssp585,kt Halon1202 / yr,Emissions|Halon1202,2020,0.0
148,REMIND-MAGPIE,World,ssp585,kt Halon1211 / yr,Emissions|Halon1211,2020,2.1847
149,REMIND-MAGPIE,World,ssp585,kt Halon1301 / yr,Emissions|Halon1301,2020,1.1071
150,REMIND-MAGPIE,World,ssp585,kt Halon2402 / yr,Emissions|Halon2402,2020,0.279
151,REMIND-MAGPIE,World,ssp585,kt N2O / yr,Emissions|N2O,2020,11732.7
152,REMIND-MAGPIE,World,ssp585,kt NF3 / yr,Emissions|NF3,2020,1.4246
153,REMIND-MAGPIE,World,ssp585,kt SF6 / yr,Emissions|SF6,2020,8.4127
154,REMIND-MAGPIE,World,ssp585,kt SO2F2 / yr,Emissions|SO2F2,2020,2.9687
155,REMIND-MAGPIE,World,ssp585,kt cC4F8 / yr,Emissions|cC4F8,2020,1.486
156,IMAGE,World,ssp119,Mt BC / yr,Emissions|BC,2020,7.8244
157,IMAGE,World,ssp119,Mt CH4 / yr,Emissions|CH4,2020,358.908
158,IMAGE,World,ssp119,Mt CO / yr,Emissions|CO,2020,794.368
159,IMAGE,World,ssp119,Mt CO2 / yr,Emissions|CO2|MAGICC AFOLU,2020,3175.6
160,IMAGE,World,ssp119,Mt CO2 / yr,Emissions|CO2|MAGICC Fossil and Industrial,2020,36518.1
161,IMAGE,World,ssp119,Mt NH3 / yr,Emissions|NH3,2020,65.1383
162,IMAGE,World,ssp119,Mt NOx / yr,Emissions|NOx,2020,145.447
163,IMAGE,World,ssp119,Mt OC / yr,Emissions|OC,2020,29.1462
164,IMAGE,World,ssp119,Mt SO2 / yr,Emissions|Sulfur,2020,79.5492
165,IMAGE,World,ssp119,Mt VOC / yr,Emissions|VOC,2020,190.598
166,IMAGE,World,ssp119,kt C2F6 / yr,Emissions|C2F6,2020,1.9523
167,IMAGE,World,ssp119,kt C3F8 / yr,Emissions|C3F8,2020,0.5568
168,IMAGE,World,ssp119,kt C4F10 / yr,Emissions|C4F10,2020,0.1236
169,IMAGE,World,ssp119,kt C5F12 / yr,Emissions|C5F12,2020,0.0541
170,IMAGE,World,ssp119,kt C6F14 / yr,Emissions|C6F14,2020,0.4352
171,IMAGE,World,ssp119,kt C7F16 / yr,Emissions|C7F16,2020,0.2907
172,IMAGE,World,ssp119,kt C8F18 / yr,Emissions|C8F18,2020,0.1261
173,IMAGE,World,ssp119,kt CCl4 / yr,Emissions|CCl4,2020,34.8954
174,IMAGE,World,ssp119,kt CF4 / yr,Emissions|CF4,2020,12.4803
175,IMAGE,World,ssp119,kt CFC11 / yr,Emissions|CFC11,2020,35.1105
176,IMAGE,World,ssp119,kt CFC113 / yr,Emissions|CFC113,2020,0.411
177,IMAGE,World,ssp119,kt CFC114 / yr,Emissions|CFC114,2020,0.8978
178,IMAGE,World,ssp119,kt CFC115 / yr,Emissions|CFC115,2020,1.3855
179,IMAGE,World,ssp119,kt CFC12 / yr,Emissions|CFC12,2020,6.0003
180,IMAGE,World,ssp119,kt CH2Cl2 / yr,Emissions|CH2Cl2,2020,1508.77
181,IMAGE,World,ssp119,kt CH3Br / yr,Emissions|CH3Br,2020,140.82
182,IMAGE,World,ssp119,kt CH3CCl3 / yr,Emissions|CH3CCl3,2020,0.0
183,IMAGE,World,ssp119,kt CH3Cl / yr,Emissions|CH3Cl,2020,5572.08
184,IMAGE,World,ssp119,kt CHCl3 / yr,Emissions|CHCl3,2020,505.264
185,IMAGE,World,ssp119,kt HCFC141b / yr,Emissions|HCFC141b,2020,64.9344
186,IMAGE,World,ssp119,kt HCFC142b / yr,Emissions|HCFC142b,2020,20.0708
187,IMAGE,World,ssp119,kt HCFC22 / yr,Emissions|HCFC22,2020,322.601
188,IMAGE,World,ssp119,kt HFC125 / yr,Emissions|HFC125,2020,165.015
189,IMAGE,World,ssp119,kt HFC134a / yr,Emissions|HFC134a,2020,249.567
190,IMAGE,World,ssp119,kt HFC143a / yr,Emissions|HFC143a,2020,60.1003
191,IMAGE,World,ssp119,kt HFC152a / yr,Emissions|HFC152a,2020,59.2958
192,IMAGE,World,ssp119,kt HFC227ea / yr,Emissions|HFC227ea,2020,5.3005
193,IMAGE,World,ssp119,kt HFC23 / yr,Emissions|HFC23,2020,2.5166
194,IMAGE,World,ssp119,kt HFC236fa / yr,Emissions|HFC236fa,2020,0.4482
195,IMAGE,World,ssp119,kt HFC245fa / yr,Emissions|HFC245fa,2020,20.189
196,IMAGE,World,ssp119,kt HFC32 / yr,Emissions|HFC32,2020,6.7024
197,IMAGE,World,ssp119,kt HFC365mfc / yr,Emissions|HFC365mfc,2020,5.7454
198,IMAGE,World,ssp119,kt HFC4310mee / yr,Emissions|HFC4310mee,2020,1.222
199,IMAGE,World,ssp119,kt Halon1202 / yr,Emissions|Halon1202,2020,0.0
200,IMAGE,World,ssp119,kt Halon1211 / yr,Emissions|Halon1211,2020,2.1847
201,IMAGE,World,ssp119,kt Halon1301 / yr,Emissions|Halon1301,2020,1.1071
202,IMAGE,World,ssp119,kt Halon2402 / yr,Emissions|Halon2402,2020,0.279
203,IMAGE,World,ssp119,kt N2O / yr,Emissions|N2O,2020,10706.4
204,IMAGE,World,ssp119,kt NF3 / yr,Emissions|NF3,2020,1.1172
205,IMAGE,World,ssp119,kt SF6 / yr,Emissions|SF6,2020,6.5973
206,IMAGE,World,ssp119,kt SO2F2 / yr,Emissions|SO2F2,2020,2.9068
207,IMAGE,World,ssp119,kt cC4F8 / yr,Emissions|cC4F8,2020,1.455
208,REMIND-MAGPIE,World,ssp585,Mt BC / yr,Emissions|BC,2030,8.4366
209,REMIND-MAGPIE,World,ssp585,Mt CH4 / yr,Emissions|CH4,2030,454.468
210,REMIND-MAGPIE,World,ssp585,Mt CO / yr,Emissions|CO,2030,754.609
211,REMIND-MAGPIE,World,ssp585,Mt CO2 / yr,Emissions|CO2|MAGICC AFOLU,2030,4546.87
212,REMIND-MAGPIE,World,ssp585,Mt CO2 / yr,Emissions|CO2|MAGICC Fossil and Industrial,2030,50749.7
213,REMIND-MAGPIE,World,ssp585,Mt NH3 / yr,Emissions|NH3,2030,77.1604
214,REMIND-MAGPIE,World,ssp585,Mt NOx / yr,Emissions|NOx,2030,162.37
215,REMIND-MAGPIE,World,ssp585,Mt OC / yr,Emissions|OC,2030,24.4034
216,REMIND-MAGPIE,World,ssp585,Mt SO2 / yr,Emissions|Sulfur,2030,71.5095
217,REMIND-MAGPIE,World,ssp585,Mt VOC / yr,Emissions|VOC,2030,218.806
218,REMIND-MAGPIE,World,ssp585,kt C2F6 / yr,Emissions|C2F6,2030,1.3588
219,REMIND-MAGPIE,World,ssp585,kt C3F8 / yr,Emissions|C3F8,2030,0.3876
220,REMIND-MAGPIE,World,ssp585,kt C4F10 / yr,Emissions|C4F10,2030,0.086
221,REMIND-MAGPIE,World,ssp585,kt C5F12 / yr,Emissions|C5F12,2030,0.0377
222,REMIND-MAGPIE,World,ssp585,kt C6F14 / yr,Emissions|C6F14,2030,0.303
223,REMIND-MAGPIE,World,ssp585,kt C7F16 / yr,Emissions|C7F16,2030,0.2023
224,REMIND-MAGPIE,World,ssp585,kt C8F18 / yr,Emissions|C8F18,2030,0.0878
225,REMIND-MAGPIE,World,ssp585,kt CCl4 / yr,Emissions|CCl4,2030,18.7952
226,REMIND-MAGPIE,World,ssp585,kt CF4 / yr,Emissions|CF4,2030,10.3582
227,REMIND-MAGPIE,World,ssp585,kt CFC11 / yr,Emissions|CFC11,2030,22.7964
228,REMIND-MAGPIE,World,ssp585,kt CFC113 / yr,Emissions|CFC113,2030,0.0909
229,REMIND-MAGPIE,World,ssp585,kt CFC114 / yr,Emissions|CFC114,2030,0.2594
230,REMIND-MAGPIE,World,ssp585,kt CFC115 / yr,Emissions|CFC115,2030,0.9519
231,REMIND-MAGPIE,World,ssp585,kt CFC12 / yr,Emissions|CFC12,2030,1.0122
232,REMIND-MAGPIE,World,ssp585,kt CH2Cl2 / yr,Emissions|CH2Cl2,2030,1830.52
233,REMIND-MAGPIE,World,ssp585,kt CH3Br / yr,Emissions|CH3Br,2030,129.958
234,REMIND-MAGPIE,World,ssp585,kt CH3CCl3 / yr,Emissions|CH3CCl3,2030,0.0
235,REMIND-MAGPIE,World,ssp585,kt CH3Cl / yr,Emissions|CH3Cl,2030,5351.66
236,REMIND-MAGPIE,World,ssp585,kt CHCl3 / yr,Emissions|CHCl3,2030,434.445
237,REMIND-MAGPIE,World,ssp585,kt HCFC141b / yr,Emissions|HCFC141b,2030,53.9924
238,REMIND-MAGPIE,World,ssp585,kt HCFC142b / yr,Emissions|HCFC142b,2030,11.6285
239,REMIND-MAGPIE,World,ssp585,kt HCFC22 / yr,Emissions|HCFC22,2030,143.31
240,REMIND-MAGPIE,World,ssp585,kt HFC125 / yr,Emissions|HFC125,2030,334.065
241,REMIND-MAGPIE,World,ssp585,kt HFC134a / yr,Emissions|HFC134a,2030,313.188
242,REMIND-MAGPIE,World,ssp585,kt HFC143a / yr,Emissions|HFC143a,2030,119.722
243,REMIND-MAGPIE,World,ssp585,kt HFC152a / yr,Emissions|HFC152a,2030,55.1187
244,REMIND-MAGPIE,World,ssp585,kt HFC227ea / yr,Emissions|HFC227ea,2030,7.9808
245,REMIND-MAGPIE,World,ssp585,kt HFC23 / yr,Emissions|HFC23,2030,0.8297
246,REMIND-MAGPIE,World,ssp585,kt HFC236fa / yr,Emissions|HFC236fa,2030,0.8813
247,REMIND-MAGPIE,World,ssp585,kt HFC245fa / yr,Emissions|HFC245fa,2030,39.6919
248,REMIND-MAGPIE,World,ssp585,kt HFC32 / yr,Emissions|HFC32,2030,2.2097
249,REMIND-MAGPIE,World,ssp585,kt HFC365mfc / yr,Emissions|HFC365mfc,2030,7.2099
250,REMIND-MAGPIE,World,ssp585,kt HFC4310mee / yr,Emissions|HFC4310mee,2030,1.1359
251,REMIND-MAGPIE,World,ssp585,kt Halon1202 / yr,Emissions|Halon1202,2030,0.0
252,REMIND-MAGPIE,World,ssp585,kt Halon1211 / yr,Emissions|Halon1211,2030,0.9614
253,REMIND-MAGPIE,World,ssp585,kt Halon1301 / yr,Emissions|Halon1301,2030,0.7583
254,REMIND-MAGPIE,World,ssp585,kt Halon2402 / yr,Emissions|Halon2402,2030,0.1793
255,REMIND-MAGPIE,World,ssp585,kt N2O / yr,Emissions|N2O,2030,12646.8
256,REMIND-MAGPIE,World,ssp585,kt NF3 / yr,Emissions|NF3,2030,1.5738
257,REMIND-MAGPIE,World,ssp585,kt SF6 / yr,Emissions|SF6,2030,9.2939
258,REMIND-MAGPIE,World,ssp585,kt SO2F2 / yr,Emissions|SO2F2,2030,2.4126
259,REMIND-MAGPIE,World,ssp585,kt cC4F8 / yr,Emissions|cC4F8,2030,1.2075
260,IMAGE,World,ssp119,Mt BC / yr,Emissions|BC,2030,4.4342
261,IMAGE,World,ssp119,Mt CH4 / yr,Emissions|CH4,2030,243.027
262,IMAGE,World,ssp119,Mt CO / yr,Emissions|CO,2030,526.459
263,IMAGE,World,ssp119,Mt CO2 / yr,Emissions|CO2|MAGICC AFOLU,2030,372.327
264,IMAGE,World,ssp119,Mt CO2 / yr,Emissions|CO2|MAGICC Fossil and Industrial,2030,22474.9
265,IMAGE,World,ssp119,Mt NH3 / yr,Emissions|NH3,2030,64.8584
266,IMAGE,World,ssp119,Mt NOx / yr,Emissions|NOx,2030,86.6826
267,IMAGE,World,ssp119,Mt OC / yr,Emissions|OC,2030,20.8164
268,IMAGE,World,ssp119,Mt SO2 / yr,Emissions|Sulfur,2030,36.4559
269,IMAGE,World,ssp119,Mt VOC / yr,Emissions|VOC,2030,116.774
270,IMAGE,World,ssp119,kt C2F6 / yr,Emissions|C2F6,2030,0.4605
271,IMAGE,World,ssp119,kt C3F8 / yr,Emissions|C3F8,2030,0.1313
272,IMAGE,World,ssp119,kt C4F10 / yr,Emissions|C4F10,2030,0.0292
273,IMAGE,World,ssp119,kt C5F12 / yr,Emissions|C5F12,2030,0.0127
274,IMAGE,World,ssp119,kt C6F14 / yr,Emissions|C6F14,2030,0.1026
275,IMAGE,World,ssp119,kt C7F16 / yr,Emissions|C7F16,2030,0.0686
276,IMAGE,World,ssp119,kt C8F18 / yr,Emissions|C8F18,2030,0.0297
277,IMAGE,World,ssp119,kt CCl4 / yr,Emissions|CCl4,2030,18.7952
278,IMAGE,World,ssp119,kt CF4 / yr,Emissions|CF4,2030,4.1181
279,IMAGE,World,ssp119,kt CFC11 / yr,Emissions|CFC11,2030,22.7964
280,IMAGE,World,ssp119,kt CFC113 / yr,Emissions|CFC113,2030,0.0909
281,IMAGE,World,ssp119,kt CFC114 / yr,Emissions|CFC114,2030,0.2594
282,IMAGE,World,ssp119,kt CFC115 / yr,Emissions|CFC115,2030,0.9519
283,IMAGE,World,ssp119,kt CFC12 / yr,Emissions|CFC12,2030,1.0122
284,IMAGE,World,ssp119,kt CH2Cl2 / yr,Emissions|CH2Cl2,2030,404.731
285,IMAGE,World,ssp119,kt CH3Br / yr,Emissions|CH3Br,2030,113.516
286,IMAGE,World,ssp119,kt CH3CCl3 / yr,Emissions|CH3CCl3,2030,0.0
287,IMAGE,World,ssp119,kt CH3Cl / yr,Emissions|CH3Cl,2030,4703.49
288,IMAGE,World,ssp119,kt CHCl3 / yr,Emissions|CHCl3,2030,327.255
289,IMAGE,World,ssp119,kt HCFC141b / yr,Emissions|HCFC141b,2030,53.9924
290,IMAGE,World,ssp119,kt HCFC142b / yr,Emissions|HCFC142b,2030,11.6285
291,IMAGE,World,ssp119,kt HCFC22 / yr,Emissions|HCFC22,2030,143.31
292,IMAGE,World,ssp119,kt HFC125 / yr,Emissions|HFC125,2030,33.3406
293,IMAGE,World,ssp119,kt HFC134a / yr,Emissions|HFC134a,2030,31.2569
294,IMAGE,World,ssp119,kt HFC143a / yr,Emissions|HFC143a,2030,11.9486
295,IMAGE,World,ssp119,kt HFC152a / yr,Emissions|HFC152a,2030,5.5
296,IMAGE,World,ssp119,kt HFC227ea / yr,Emissions|HFC227ea,2030,0.7965
297,IMAGE,World,ssp119,kt HFC23 / yr,Emissions|HFC23,2030,0.0828
298,IMAGE,World,ssp119,kt HFC236fa / yr,Emissions|HFC236fa,2030,0.088
299,IMAGE,World,ssp119,kt HFC245fa / yr,Emissions|HFC245fa,2030,3.9614
300,IMAGE,World,ssp119,kt HFC32 / yr,Emissions|HFC32,2030,0.2205
301,IMAGE,World,ssp119,kt HFC365mfc / yr,Emissions|HFC365mfc,2030,0.7195
302,IMAGE,World,ssp119,kt HFC4310mee / yr,Emissions|HFC4310mee,2030,0.1133
303,IMAGE,World,ssp119,kt Halon1202 / yr,Emissions|Halon1202,2030,0.0
304,IMAGE,World,ssp119,kt Halon1211 / yr,Emissions|Halon1211,2030,0.9614
305,IMAGE,World,ssp119,kt Halon1301 / yr,Emissions|Halon1301,2030,0.7583
306,IMAGE,World,ssp119,kt Halon2402 / yr,Emissions|Halon2402,2030,0.1793
307,IMAGE,World,ssp119,kt N2O / yr,Emissions|N2O,2030,8393.76
308,IMAGE,World,ssp119,kt NF3 / yr,Emissions|NF3,2030,0.5234
309,IMAGE,World,ssp119,kt SF6 / yr,Emissions|SF6,2030,3.0909
310,IMAGE,World,ssp119,kt SO2F2 / yr,Emissions|SO2F2,2030,0.9592
311,IMAGE,World,ssp119,kt cC4F8 / yr,Emissions|cC4F8,2030,0.48
312,REMIND-MAGPIE,World,ssp585,Mt BC / yr,Emissions|BC,2040,8.0625
313,REMIND-MAGPIE,World,ssp585,Mt CH4 / yr,Emissions|CH4,2040,542.293
314,REMIND-MAGPIE,World,ssp585,Mt CO / yr,Emissions|CO,2040,706.197
315,REMIND-MAGPIE,World,ssp585,Mt CO2 / yr,Emissions|CO2|MAGICC AFOLU,2040,3435.74
316,REMIND-MAGPIE,World,ssp585,Mt CO2 / yr,Emissions|CO2|MAGICC Fossil and Industrial,2040,65340.0
317,REMIND-MAGPIE,World,ssp585,Mt NH3 / yr,Emissions|NH3,2040,80.8959
318,REMIND-MAGPIE,World,ssp585,Mt NOx / yr,Emissions|NOx,2040,169.626
319,REMIND-MAGPIE,World,ssp585,Mt OC / yr,Emissions|OC,2040,21.3377
320,REMIND-MAGPIE,World,ssp585,Mt SO2 / yr,Emissions|Sulfur,2040,71.474
321,REMIND-MAGPIE,World,ssp585,Mt VOC / yr,Emissions|VOC,2040,209.566
322,REMIND-MAGPIE,World,ssp585,kt C2F6 / yr,Emissions|C2F6,2040,0.9371
323,REMIND-MAGPIE,World,ssp585,kt C3F8 / yr,Emissions|C3F8,2040,0.2673
324,REMIND-MAGPIE,World,ssp585,kt C4F10 / yr,Emissions|C4F10,2040,0.0593
325,REMIND-MAGPIE,World,ssp585,kt C5F12 / yr,Emissions|C5F12,2040,0.026
326,REMIND-MAGPIE,World,ssp585,kt C6F14 / yr,Emissions|C6F14,2040,0.2089
327,REMIND-MAGPIE,World,ssp585,kt C7F16 / yr,Emissions|C7F16,2040,0.1396
328,REMIND-MAGPIE,World,ssp585,kt C8F18 / yr,Emissions|C8F18,2040,0.0605
329,REMIND-MAGPIE,World,ssp585,kt CCl4 / yr,Emissions|CCl4,2040,10.1234
330,REMIND-MAGPIE,World,ssp585,kt CF4 / yr,Emissions|CF4,2040,8.8363
331,REMIND-MAGPIE,World,ssp585,kt CFC11 / yr,Emissions|CFC11,2040,14.8012
332,REMIND-MAGPIE,World,ssp585,kt CFC113 / yr,Emissions|CFC113,2040,0.0201
333,REMIND-MAGPIE,World,ssp585,kt CFC114 / yr,Emissions|CFC114,2040,0.0751
334,REMIND-MAGPIE,World,ssp585,kt CFC115 / yr,Emissions|CFC115,2040,0.6544
335,REMIND-MAGPIE,World,ssp585,kt CFC12 / yr,Emissions|CFC12,2040,0.1707
336,REMIND-MAGPIE,World,ssp585,kt CH2Cl2 / yr,Emissions|CH2Cl2,2040,1869.29
337,REMIND-MAGPIE,World,ssp585,kt CH3Br / yr,Emissions|CH3Br,2040,122.239
338,REMIND-MAGPIE,World,ssp585,kt CH3CCl3 / yr,Emissions|CH3CCl3,2040,0.0
339,REMIND-MAGPIE,World,ssp585,kt CH3Cl / yr,Emissions|CH3Cl,2040,5193.58
340,REMIND-MAGPIE,World,ssp585,kt CHCl3 / yr,Emissions|CHCl3,2040,384.125
341,REMIND-MAGPIE,World,ssp585,kt HCFC141b / yr,Emissions|HCFC141b,2040,31.7665
342,REMIND-MAGPIE,World,ssp585,kt HCFC142b / yr,Emissions|HCFC142b,2040,3.6001
343,REMIND-MAGPIE,World,ssp585,kt HCFC22 / yr,Emissions|HCFC22,2040,20.2888
344,REMIND-MAGPIE,World,ssp585,kt HFC125 / yr,Emissions|HFC125,2040,420.423
345,REMIND-MAGPIE,World,ssp585,kt HFC134a / yr,Emissions|HFC134a,2040,320.854
346,REMIND-MAGPIE,World,ssp585,kt HFC143a / yr,Emissions|HFC143a,2040,156.243
347,REMIND-MAGPIE,World,ssp585,kt HFC152a / yr,Emissions|HFC152a,2040,46.6095
348,REMIND-MAGPIE,World,ssp585,kt HFC227ea / yr,Emissions|HFC227ea,2040,8.4836
349,REMIND-MAGPIE,World,ssp585,kt HFC23 / yr,Emissions|HFC23,2040,0.5312
350,REMIND-MAGPIE,World,ssp585,kt HFC236fa / yr,Emissions|HFC236fa,2040,1.1627
351,REMIND-MAGPIE,World,ssp585,kt HFC245fa / yr,Emissions|HFC245fa,2040,52.3667
352,REMIND-MAGPIE,World,ssp585,kt HFC32 / yr,Emissions|HFC32,2040,1.4147
353,REMIND-MAGPIE,World,ssp585,kt HFC365mfc / yr,Emissions|HFC365mfc,2040,7.3864
354,REMIND-MAGPIE,World,ssp585,kt HFC4310mee / yr,Emissions|HFC4310mee,2040,0.9605
355,REMIND-MAGPIE,World,ssp585,kt Halon1202 / yr,Emissions|Halon1202,2040,0.0
356,REMIND-MAGPIE,World,ssp585,kt Halon1211 / yr,Emissions|Halon1211,2040,0.4231
357,REMIND-MAGPIE,World,ssp585,kt Halon1301 / yr,Emissions|Halon1301,2040,0.5193
358,REMIND-MAGPIE,World,ssp585,kt Halon2402 / yr,Emissions|Halon2402,2040,0.1153
359,REMIND-MAGPIE,World,ssp585,kt N2O / yr,Emissions|N2O,2040,13379.9
360,REMIND-MAGPIE,World,ssp585,kt NF3 / yr,Emissions|NF3,2040,1.6846
361,REMIND-MAGPIE,World,ssp585,kt SF6 / yr,Emissions|SF6,2040,9.9479
362,REMIND-MAGPIE,World,ssp585,kt SO2F2 / yr,Emissions|SO2F2,2040,2.0581
363,REMIND-MAGPIE,World,ssp585,kt cC4F8 / yr,Emissions|cC4F8,2040,1.0302
364,IMAGE,World,ssp119,Mt BC / yr,Emissions|BC,2040,3.5457
365,IMAGE,World,ssp119,Mt CH4 / yr,Emissions|CH4,2040,200.613
366,IMAGE,World,ssp119,Mt CO / yr,Emissions|CO,2040,515.612
367,IMAGE,World,ssp119,Mt CO2 / yr,Emissions|CO2|MAGICC AFOLU,2040,1383.65
368,IMAGE,World,ssp119,Mt CO2 / yr,Emissions|CO2|MAGICC Fossil and Industrial,2040,9091.44
369,IMAGE,World,ssp119,Mt NH3 / yr,Emissions|NH3,2040,65.2172
370,IMAGE,World,ssp119,Mt NOx / yr,Emissions|NOx,2040,64.4287
371,IMAGE,World,ssp119,Mt OC / yr,Emissions|OC,2040,20.6415
372,IMAGE,World,ssp119,Mt SO2 / yr,Emissions|Sulfur,2040,23.6226
373,IMAGE,World,ssp119,Mt VOC / yr,Emissions|VOC,2040,110.109
374,IMAGE,World,ssp119,kt C2F6 / yr,Emissions|C2F6,2040,0.2826
375,IMAGE,World,ssp119,kt C3F8 / yr,Emissions|C3F8,2040,0.0806
376,IMAGE,World,ssp119,kt C4F10 / yr,Emissions|C4F10,2040,0.0179
377,IMAGE,World,ssp119,kt C5F12 / yr,Emissions|C5F12,2040,0.0078
378,IMAGE,World,ssp119,kt C6F14 / yr,Emissions|C6F14,2040,0.063
379,IMAGE,World,ssp119,kt C7F16 / yr,Emissions|C7F16,2040,0.0421
380,IMAGE,World,ssp119,kt C8F18 / yr,Emissions|C8F18,2040,0.0183
381,IMAGE,World,ssp119,kt CCl4 / yr,Emissions|CCl4,2040,10.1234
382,IMAGE,World,ssp119,kt CF4 / yr,Emissions|CF4,2040,3.1692
383,IMAGE,World,ssp119,kt CFC11 / yr,Emissions|CFC11,2040,14.8012
384,IMAGE,World,ssp119,kt CFC113 / yr,Emissions|CFC113,2040,0.0201
385,IMAGE,World,ssp119,kt CFC114 / yr,Emissions|CFC114,2040,0.0751
386,IMAGE,World,ssp119,kt CFC115 / yr,Emissions|CFC115,2040,0.6544
387,IMAGE,World,ssp119,kt CFC12 / yr,Emissions|CFC12,2040,0.1707
388,IMAGE,World,ssp119,kt CH2Cl2 / yr,Emissions|CH2Cl2,2040,317.05
389,IMAGE,World,ssp119,kt CH3Br / yr,Emissions|CH3Br,2040,110.26
390,IMAGE,World,ssp119,kt CH3CCl3 / yr,Emissions|CH3CCl3,2040,0.0
391,IMAGE,World,ssp119,kt CH3Cl / yr,Emissions|CH3Cl,2040,4604.93
392,IMAGE,World,ssp119,kt CHCl3 / yr,Emissions|CHCl3,2040,306.027
393,IMAGE,World,ssp119,kt HCFC141b / yr,Emissions|HCFC141b,2040,31.7665
394,IMAGE,World,ssp119,kt HCFC142b / yr,Emissions|HCFC142b,2040,3.6001
395,IMAGE,World,ssp119,kt HCFC22 / yr,Emissions|HCFC22,2040,20.2888
396,IMAGE,World,ssp119,kt HFC125 / yr,Emissions|HFC125,2040,18.2386
397,IMAGE,World,ssp119,kt HFC134a / yr,Emissions|HFC134a,2040,13.9191
398,IMAGE,World,ssp119,kt HFC143a / yr,Emissions|HFC143a,2040,6.778
399,IMAGE,World,ssp119,kt HFC152a / yr,Emissions|HFC152a,2040,2.02
400,IMAGE,World,ssp119,kt HFC227ea / yr,Emissions|HFC227ea,2040,0.368
401,IMAGE,World,ssp119,kt HFC23 / yr,Emissions|HFC23,2040,0.023
402,IMAGE,World,ssp119,kt HFC236fa / yr,Emissions|HFC236fa,2040,0.0504
403,IMAGE,World,ssp119,kt HFC245fa / yr,Emissions|HFC245fa,2040,2.2718
404,IMAGE,World,ssp119,kt HFC32 / yr,Emissions|HFC32,2040,0.0613
405,IMAGE,World,ssp119,kt HFC365mfc / yr,Emissions|HFC365mfc,2040,0.3204
406,IMAGE,World,ssp119,kt HFC4310mee / yr,Emissions|HFC4310mee,2040,0.0416
407,IMAGE,World,ssp119,kt Halon1202 / yr,Emissions|Halon1202,2040,0.0
408,IMAGE,World,ssp119,kt Halon1211 / yr,Emissions|Halon1211,2040,0.4231
409,IMAGE,World,ssp119,kt Halon1301 / yr,Emissions|Halon1301,2040,0.5193
410,IMAGE,World,ssp119,kt Halon2402 / yr,Emissions|Halon2402,2040,0.1153
411,IMAGE,World,ssp119,kt N2O / yr,Emissions|N2O,2040,8376.57
412,IMAGE,World,ssp119,kt NF3 / yr,Emissions|NF3,2040,0.458
413,IMAGE,World,ssp119,kt SF6 / yr,Emissions|SF6,2040,2.7046
414,IMAGE,World,ssp119,kt SO2F2 / yr,Emissions|SO2F2,2040,0.7381
415,IMAGE,World,ssp119,kt cC4F8 / yr,Emissions|cC4F8,2040,0.3694
416,REMIND-MAGPIE,World,ssp585,Mt BC / yr,Emissions|BC,2050,6.9009
417,REMIND-MAGPIE,World,ssp585,Mt CH4 / yr,Emissions|CH4,2050,590.298
418,REMIND-MAGPIE,World,ssp585,Mt CO / yr,Emissions|CO,2050,671.951
419,REMIND-MAGPIE,World,ssp585,Mt CO2 / yr,Emissions|CO2|MAGICC AFOLU,2050,2052.99
420,REMIND-MAGPIE,World,ssp585,Mt CO2 / yr,Emissions|CO2|MAGICC Fossil and Industrial,2050,81245.2
421,REMIND-MAGPIE,World,ssp585,Mt NH3 / yr,Emissions|NH3,2050,81.112
422,REMIND-MAGPIE,World,ssp585,Mt NOx / yr,Emissions|NOx,2050,161.214
423,REMIND-MAGPIE,World,ssp585,Mt OC / yr,Emissions|OC,2050,20.3326
424,REMIND-MAGPIE,World,ssp585,Mt SO2 / yr,Emissions|Sulfur,2050,60.442
425,REMIND-MAGPIE,World,ssp585,Mt VOC / yr,Emissions|VOC,2050,204.304
426,REMIND-MAGPIE,World,ssp585,kt C2F6 / yr,Emissions|C2F6,2050,0.6675
427,REMIND-MAGPIE,World,ssp585,kt C3F8 / yr,Emissions|C3F8,2050,0.1904
428,REMIND-MAGPIE,World,ssp585,kt C4F10 / yr,Emissions|C4F10,2050,0.0423
429,REMIND-MAGPIE,World,ssp585,kt C5F12 / yr,Emissions|C5F12,2050,0.0185
430,REMIND-MAGPIE,World,ssp585,kt C6F14 / yr,Emissions|C6F14,2050,0.1488
431,REMIND-MAGPIE,World,ssp585,kt C7F16 / yr,Emissions|C7F16,2050,0.0994
432,REMIND-MAGPIE,World,ssp585,kt C8F18 / yr,Emissions|C8F18,2050,0.0431
433,REMIND-MAGPIE,World,ssp585,kt CCl4 / yr,Emissions|CCl4,2050,5.4526
434,REMIND-MAGPIE,World,ssp585,kt CF4 / yr,Emissions|CF4,2050,7.8588
435,REMIND-MAGPIE,World,ssp585,kt CFC11 / yr,Emissions|CFC11,2050,9.6101
436,REMIND-MAGPIE,World,ssp585,kt CFC113 / yr,Emissions|CFC113,2050,0.0044
437,REMIND-MAGPIE,World,ssp585,kt CFC114 / yr,Emissions|CFC114,2050,0.0217
438,REMIND-MAGPIE,World,ssp585,kt CFC115 / yr,Emissions|CFC115,2050,0.4498
439,REMIND-MAGPIE,World,ssp585,kt CFC12 / yr,Emissions|CFC12,2050,0.0288
440,REMIND-MAGPIE,World,ssp585,kt CH2Cl2 / yr,Emissions|CH2Cl2,2050,2158.83
441,REMIND-MAGPIE,World,ssp585,kt CH3Br / yr,Emissions|CH3Br,2050,117.305
442,REMIND-MAGPIE,World,ssp585,kt CH3CCl3 / yr,Emissions|CH3CCl3,2050,0.0
443,REMIND-MAGPIE,World,ssp585,kt CH3Cl / yr,Emissions|CH3Cl,2050,5092.05
444,REMIND-MAGPIE,World,ssp585,kt CHCl3 / yr,Emissions|CHCl3,2050,351.955
445,REMIND-MAGPIE,World,ssp585,kt HCFC141b / yr,Emissions|HCFC141b,2050,18.1624
446,REMIND-MAGPIE,World,ssp585,kt HCFC142b / yr,Emissions|HCFC142b,2050,1.0108
447,REMIND-MAGPIE,World,ssp585,kt HCFC22 / yr,Emissions|HCFC22,2050,1.8833
448,REMIND-MAGPIE,World,ssp585,kt HFC125 / yr,Emissions|HFC125,2050,530.245
449,REMIND-MAGPIE,World,ssp585,kt HFC134a / yr,Emissions|HFC134a,2050,378.108
450,REMIND-MAGPIE,World,ssp585,kt HFC143a / yr,Emissions|HFC143a,2050,200.97
451,REMIND-MAGPIE,World,ssp585,kt HFC152a / yr,Emissions|HFC152a,2050,48.4031
452,REMIND-MAGPIE,World,ssp585,kt HFC227ea / yr,Emissions|HFC227ea,2050,9.8399
453,REMIND-MAGPIE,World,ssp585,kt HFC23 / yr,Emissions|HFC23,2050,0.3014
454,REMIND-MAGPIE,World,ssp585,kt HFC236fa / yr,Emissions|HFC236fa,2050,1.5409
455,REMIND-MAGPIE,World,ssp585,kt HFC245fa / yr,Emissions|HFC245fa,2050,69.4033
456,REMIND-MAGPIE,World,ssp585,kt HFC32 / yr,Emissions|HFC32,2050,0.8027
457,REMIND-MAGPIE,World,ssp585,kt HFC365mfc / yr,Emissions|HFC365mfc,2050,8.7045
458,REMIND-MAGPIE,World,ssp585,kt HFC4310mee / yr,Emissions|HFC4310mee,2050,0.9975
459,REMIND-MAGPIE,World,ssp585,kt Halon1202 / yr,Emissions|Halon1202,2050,0.0
460,REMIND-MAGPIE,World,ssp585,kt Halon1211 / yr,Emissions|Halon1211,2050,0.1862
461,REMIND-MAGPIE,World,ssp585,kt Halon1301 / yr,Emissions|Halon1301,2050,0.3557
462,REMIND-MAGPIE,World,ssp585,kt Halon2402 / yr,Emissions|Halon2402,2050,0.0741
463,REMIND-MAGPIE,World,ssp585,kt N2O / yr,Emissions|N2O,2050,13171.3
464,REMIND-MAGPIE,World,ssp585,kt NF3 / yr,Emissions|NF3,2050,1.8154
465,REMIND-MAGPIE,World,ssp585,kt SF6 / yr,Emissions|SF6,2050,10.7207
466,REMIND-MAGPIE,World,ssp585,kt SO2F2 / yr,Emissions|SO2F2,2050,1.8304
467,REMIND-MAGPIE,World,ssp585,kt cC4F8 / yr,Emissions|cC4F8,2050,0.9162
468,IMAGE,World,ssp119,Mt BC / yr,Emissions|BC,2050,2.7975
469,IMAGE,World,ssp119,Mt CH4 / yr,Emissions|CH4,2050,170.197
470,IMAGE,World,ssp119,Mt CO / yr,Emissions|CO,2050,446.51
471,IMAGE,World,ssp119,Mt CO2 / yr,Emissions|CO2|MAGICC AFOLU,2050,-815.088
472,IMAGE,World,ssp119,Mt CO2 / yr,Emissions|CO2|MAGICC Fossil and Industrial,2050,2865.45
473,IMAGE,World,ssp119,Mt NH3 / yr,Emissions|NH3,2050,64.7321
474,IMAGE,World,ssp119,Mt NOx / yr,Emissions|NOx,2050,49.053
475,IMAGE,World,ssp119,Mt OC / yr,Emissions|OC,2050,17.3921
476,IMAGE,World,ssp119,Mt SO2 / yr,Emissions|Sulfur,2050,21.6284
477,IMAGE,World,ssp119,Mt VOC / yr,Emissions|VOC,2050,93.0786
478,IMAGE,World,ssp119,kt C2F6 / yr,Emissions|C2F6,2050,0.1657
479,IMAGE,World,ssp119,kt C3F8 / yr,Emissions|C3F8,2050,0.0473
480,IMAGE,World,ssp119,kt C4F10 / yr,Emissions|C4F10,2050,0.0105
481,IMAGE,World,ssp119,kt C5F12 / yr,Emissions|C5F12,2050,0.0046
482,IMAGE,World,ssp119,kt C6F14 / yr,Emissions|C6F14,2050,0.037
483,IMAGE,World,ssp119,kt C7F16 / yr,Emissions|C7F16,2050,0.0247
484,IMAGE,World,ssp119,kt C8F18 / yr,Emissions|C8F18,2050,0.0107
485,IMAGE,World,ssp119,kt CCl4 / yr,Emissions|CCl4,2050,5.4526
486,IMAGE,World,ssp119,kt CF4 / yr,Emissions|CF4,2050,2.3008
487,IMAGE,World,ssp119,kt CFC11 / yr,Emissions|CFC11,2050,9.6101
488,IMAGE,World,ssp119,kt CFC113 / yr,Emissions|CFC113,2050,0.0044
489,IMAGE,World,ssp119,kt CFC114 / yr,Emissions|CFC114,2050,0.0217
490,IMAGE,World,ssp119,kt CFC115 / yr,Emissions|CFC115,2050,0.4498
491,IMAGE,World,ssp119,kt CFC12 / yr,Emissions|CFC12,2050,0.0288
492,IMAGE,World,ssp119,kt CH2Cl2 / yr,Emissions|CH2Cl2,2050,321.263
493,IMAGE,World,ssp119,kt CH3Br / yr,Emissions|CH3Br,2050,108.121
494,IMAGE,World,ssp119,kt CH3CCl3 / yr,Emissions|CH3CCl3,2050,0.0
495,IMAGE,World,ssp119,kt CH3Cl / yr,Emissions|CH3Cl,2050,4514.73
496,IMAGE,World,ssp119,kt CHCl3 / yr,Emissions|CHCl3,2050,292.078
497,IMAGE,World,ssp119,kt HCFC141b / yr,Emissions|HCFC141b,2050,18.1624
498,IMAGE,World,ssp119,kt HCFC142b / yr,Emissions|HCFC142b,2050,1.0108
499,IMAGE,World,ssp119,kt HCFC22 / yr,Emissions|HCFC22,2050,1.8833
500,IMAGE,World,ssp119,kt HFC125 / yr,Emissions|HFC125,2050,20.6879
501,IMAGE,World,ssp119,kt HFC134a / yr,Emissions|HFC134a,2050,14.7522
502,IMAGE,World,ssp119,kt HFC143a / yr,Emissions|HFC143a,2050,7.841
503,IMAGE,World,ssp119,kt HFC152a / yr,Emissions|HFC152a,2050,1.889
504,IMAGE,World,ssp119,kt HFC227ea / yr,Emissions|HFC227ea,2050,0.3839
505,IMAGE,World,ssp119,kt HFC23 / yr,Emissions|HFC23,2050,0.0118
506,IMAGE,World,ssp119,kt HFC236fa / yr,Emissions|HFC236fa,2050,0.0601
507,IMAGE,World,ssp119,kt HFC245fa / yr,Emissions|HFC245fa,2050,2.7079
508,IMAGE,World,ssp119,kt HFC32 / yr,Emissions|HFC32,2050,0.0314
509,IMAGE,World,ssp119,kt HFC365mfc / yr,Emissions|HFC365mfc,2050,0.3396
510,IMAGE,World,ssp119,kt HFC4310mee / yr,Emissions|HFC4310mee,2050,0.0389
511,IMAGE,World,ssp119,kt Halon1202 / yr,Emissions|Halon1202,2050,0.0
512,IMAGE,World,ssp119,kt Halon1211 / yr,Emissions|Halon1211,2050,0.1862
513,IMAGE,World,ssp119,kt Halon1301 / yr,Emissions|Halon1301,2050,0.3557
514,IMAGE,World,ssp119,kt Halon2402 / yr,Emissions|Halon2402,2050,0.0741
515,IMAGE,World,ssp119,kt N2O / yr,Emissions|N2O,2050,8073.59
516,IMAGE,World,ssp119,kt NF3 / yr,Emissions|NF3,2050,0.3759
517,IMAGE,World,ssp119,kt SF6 / yr,Emissions|SF6,2050,2.2198
518,IMAGE,World,ssp119,kt SO2F2 / yr,Emissions|SO2F2,2050,0.5359
519,IMAGE,World,ssp119,kt cC4F8 / yr,Emissions|cC4F8,2050,0.2683
520,REMIND-MAGPIE,World,ssp585,Mt BC / yr,Emissions|BC,2060,6.5697
521,REMIND-MAGPIE,World,ssp585,Mt CH4 / yr,Emissions|CH4,2060,597.91
522,REMIND-MAGPIE,World,ssp585,Mt CO / yr,Emissions|CO,2060,675.591
523,REMIND-MAGPIE,World,ssp585,Mt CO2 / yr,Emissions|CO2|MAGICC AFOLU,2060,139.396
524,REMIND-MAGPIE,World,ssp585,Mt CO2 / yr,Emissions|CO2|MAGICC Fossil and Industrial,2060,100199.0
525,REMIND-MAGPIE,World,ssp585,Mt NH3 / yr,Emissions|NH3,2060,83.3963
526,REMIND-MAGPIE,World,ssp585,Mt NOx / yr,Emissions|NOx,2060,164.962
527,REMIND-MAGPIE,World,ssp585,Mt OC / yr,Emissions|OC,2060,19.7663
528,REMIND-MAGPIE,World,ssp585,Mt SO2 / yr,Emissions|Sulfur,2060,63.8658
529,REMIND-MAGPIE,World,ssp585,Mt VOC / yr,Emissions|VOC,2060,207.515
530,REMIND-MAGPIE,World,ssp585,kt C2F6 / yr,Emissions|C2F6,2060,0.4947
531,REMIND-MAGPIE,World,ssp585,kt C3F8 / yr,Emissions|C3F8,2060,0.1411
532,REMIND-MAGPIE,World,ssp585,kt C4F10 / yr,Emissions|C4F10,2060,0.0313
533,REMIND-MAGPIE,World,ssp585,kt C5F12 / yr,Emissions|C5F12,2060,0.0137
534,REMIND-MAGPIE,World,ssp585,kt C6F14 / yr,Emissions|C6F14,2060,0.1103
535,REMIND-MAGPIE,World,ssp585,kt C7F16 / yr,Emissions|C7F16,2060,0.0737
536,REMIND-MAGPIE,World,ssp585,kt C8F18 / yr,Emissions|C8F18,2060,0.032
537,REMIND-MAGPIE,World,ssp585,kt CCl4 / yr,Emissions|CCl4,2060,2.9369
538,REMIND-MAGPIE,World,ssp585,kt CF4 / yr,Emissions|CF4,2060,7.2291
539,REMIND-MAGPIE,World,ssp585,kt CFC11 / yr,Emissions|CFC11,2060,6.2396
540,REMIND-MAGPIE,World,ssp585,kt CFC113 / yr,Emissions|CFC113,2060,0.001
541,REMIND-MAGPIE,World,ssp585,kt CFC114 / yr,Emissions|CFC114,2060,0.0063
542,REMIND-MAGPIE,World,ssp585,kt CFC115 / yr,Emissions|CFC115,2060,0.3091
543,REMIND-MAGPIE,World,ssp585,kt CFC12 / yr,Emissions|CFC12,2060,0.0049
544,REMIND-MAGPIE,World,ssp585,kt CH2Cl2 / yr,Emissions|CH2Cl2,2060,2524.41
545,REMIND-MAGPIE,World,ssp585,kt CH3Br / yr,Emissions|CH3Br,2060,114.142
546,REMIND-MAGPIE,World,ssp585,kt CH3CCl3 / yr,Emissions|CH3CCl3,2060,0.0
547,REMIND-MAGPIE,World,ssp585,kt CH3Cl / yr,Emissions|CH3Cl,2060,5026.64
548,REMIND-MAGPIE,World,ssp585,kt CHCl3 / yr,Emissions|CHCl3,2060,331.336
549,REMIND-MAGPIE,World,ssp585,kt HCFC141b / yr,Emissions|HCFC141b,2060,10.3843
550,REMIND-MAGPIE,World,ssp585,kt HCFC142b / yr,Emissions|HCFC142b,2060,0.2838
551,REMIND-MAGPIE,World,ssp585,kt HCFC22 / yr,Emissions|HCFC22,2060,0.1748
552,REMIND-MAGPIE,World,ssp585,kt HFC125 / yr,Emissions|HFC125,2060,663.253
553,REMIND-MAGPIE,World,ssp585,kt HFC134a / yr,Emissions|HFC134a,2060,450.397
554,REMIND-MAGPIE,World,ssp585,kt HFC143a / yr,Emissions|HFC143a,2060,252.829
555,REMIND-MAGPIE,World,ssp585,kt HFC152a / yr,Emissions|HFC152a,2060,52.181
556,REMIND-MAGPIE,World,ssp585,kt HFC227ea / yr,Emissions|HFC227ea,2060,10.7504
557,REMIND-MAGPIE,World,ssp585,kt HFC23 / yr,Emissions|HFC23,2060,0.1868
558,REMIND-MAGPIE,World,ssp585,kt HFC236fa / yr,Emissions|HFC236fa,2060,2.0077
559,REMIND-MAGPIE,World,ssp585,kt HFC245fa / yr,Emissions|HFC245fa,2060,90.4257
560,REMIND-MAGPIE,World,ssp585,kt HFC32 / yr,Emissions|HFC32,2060,0.4975
561,REMIND-MAGPIE,World,ssp585,kt HFC365mfc / yr,Emissions|HFC365mfc,2060,10.3687
562,REMIND-MAGPIE,World,ssp585,kt HFC4310mee / yr,Emissions|HFC4310mee,2060,1.0753
563,REMIND-MAGPIE,World,ssp585,kt Halon1202 / yr,Emissions|Halon1202,2060,0.0
564,REMIND-MAGPIE,World,ssp585,kt Halon1211 / yr,Emissions|Halon1211,2060,0.0819
565,REMIND-MAGPIE,World,ssp585,kt Halon1301 / yr,Emissions|Halon1301,2060,0.2436
566,REMIND-MAGPIE,World,ssp585,kt Halon2402 / yr,Emissions|Halon2402,2060,0.0476
567,REMIND-MAGPIE,World,ssp585,kt N2O / yr,Emissions|N2O,2060,13436.5
568,REMIND-MAGPIE,World,ssp585,kt NF3 / yr,Emissions|NF3,2060,1.8682
569,REMIND-MAGPIE,World,ssp585,kt SF6 / yr,Emissions|SF6,2060,11.0328
570,REMIND-MAGPIE,World,ssp585,kt SO2F2 / yr,Emissions|SO2F2,2060,1.6837
571,REMIND-MAGPIE,World,ssp585,kt cC4F8 / yr,Emissions|cC4F8,2060,0.8429
572,IMAGE,World,ssp119,Mt BC / yr,Emissions|BC,2060,2.5188
573,IMAGE,World,ssp119,Mt CH4 / yr,Emissions|CH4,2060,157.559
574,IMAGE,World,ssp119,Mt CO / yr,Emissions|CO,2060,415.536
575,IMAGE,World,ssp119,Mt CO2 / yr,Emissions|CO2|MAGICC AFOLU,2060,-1490.52
576,IMAGE,World,ssp119,Mt CO2 / yr,Emissions|CO2|MAGICC Fossil and Industrial,2060,-35.4631
577,IMAGE,World,ssp119,Mt NH3 / yr,Emissions|NH3,2060,64.1026
578,IMAGE,World,ssp119,Mt NOx / yr,Emissions|NOx,2060,44.4754
579,IMAGE,World,ssp119,Mt OC / yr,Emissions|OC,2060,16.2199
580,IMAGE,World,ssp119,Mt SO2 / yr,Emissions|Sulfur,2060,20.67
581,IMAGE,World,ssp119,Mt VOC / yr,Emissions|VOC,2060,83.8352
582,IMAGE,World,ssp119,kt C2F6 / yr,Emissions|C2F6,2060,0.1013
583,IMAGE,World,ssp119,kt C3F8 / yr,Emissions|C3F8,2060,0.0289
584,IMAGE,World,ssp119,kt C4F10 / yr,Emissions|C4F10,2060,0.0064
585,IMAGE,World,ssp119,kt C5F12 / yr,Emissions|C5F12,2060,0.0028
586,IMAGE,World,ssp119,kt C6F14 / yr,Emissions|C6F14,2060,0.0225
587,IMAGE,World,ssp119,kt C7F16 / yr,Emissions|C7F16,2060,0.0151
588,IMAGE,World,ssp119,kt C8F18 / yr,Emissions|C8F18,2060,0.0065
589,IMAGE,World,ssp119,kt CCl4 / yr,Emissions|CCl4,2060,2.9369
590,IMAGE,World,ssp119,kt CF4 / yr,Emissions|CF4,2060,1.8542
591,IMAGE,World,ssp119,kt CFC11 / yr,Emissions|CFC11,2060,6.2396
592,IMAGE,World,ssp119,kt CFC113 / yr,Emissions|CFC113,2060,0.001
593,IMAGE,World,ssp119,kt CFC114 / yr,Emissions|CFC114,2060,0.0063
594,IMAGE,World,ssp119,kt CFC115 / yr,Emissions|CFC115,2060,0.3091
595,IMAGE,World,ssp119,kt CFC12 / yr,Emissions|CFC12,2060,0.0049
596,IMAGE,World,ssp119,kt CH2Cl2 / yr,Emissions|CH2Cl2,2060,323.295
597,IMAGE,World,ssp119,kt CH3Br / yr,Emissions|CH3Br,2060,106.942
598,IMAGE,World,ssp119,kt CH3CCl3 / yr,Emissions|CH3CCl3,2060,0.0
599,IMAGE,World,ssp119,kt CH3Cl / yr,Emissions|CH3Cl,2060,4468.34
600,IMAGE,World,ssp119,kt CHCl3 / yr,Emissions|CHCl3,2060,284.394
601,IMAGE,World,ssp119,kt HCFC141b / yr,Emissions|HCFC141b,2060,10.3843
602,IMAGE,World,ssp119,kt HCFC142b / yr,Emissions|HCFC142b,2060,0.2838
603,IMAGE,World,ssp119,kt HCFC22 / yr,Emissions|HCFC22,2060,0.1748
604,IMAGE,World,ssp119,kt HFC125 / yr,Emissions|HFC125,2060,22.3156
605,IMAGE,World,ssp119,kt HFC134a / yr,Emissions|HFC134a,2060,15.154
606,IMAGE,World,ssp119,kt HFC143a / yr,Emissions|HFC143a,2060,8.5067
607,IMAGE,World,ssp119,kt HFC152a / yr,Emissions|HFC152a,2060,1.7578
608,IMAGE,World,ssp119,kt HFC227ea / yr,Emissions|HFC227ea,2060,0.3617
609,IMAGE,World,ssp119,kt HFC23 / yr,Emissions|HFC23,2060,0.0063
610,IMAGE,World,ssp119,kt HFC236fa / yr,Emissions|HFC236fa,2060,0.0675
611,IMAGE,World,ssp119,kt HFC245fa / yr,Emissions|HFC245fa,2060,3.0424
612,IMAGE,World,ssp119,kt HFC32 / yr,Emissions|HFC32,2060,0.0168
613,IMAGE,World,ssp119,kt HFC365mfc / yr,Emissions|HFC365mfc,2060,0.3489
614,IMAGE,World,ssp119,kt HFC4310mee / yr,Emissions|HFC4310mee,2060,0.0362
615,IMAGE,World,ssp119,kt Halon1202 / yr,Emissions|Halon1202,2060,0.0
616,IMAGE,World,ssp119,kt Halon1211 / yr,Emissions|Halon1211,2060,0.0819
617,IMAGE,World,ssp119,kt Halon1301 / yr,Emissions|Halon1301,2060,0.2436
618,IMAGE,World,ssp119,kt Halon2402 / yr,Emissions|Halon2402,2060,0.0476
619,IMAGE,World,ssp119,kt N2O / yr,Emissions|N2O,2060,7941.61
620,IMAGE,World,ssp119,kt NF3 / yr,Emissions|NF3,2060,0.3273
621,IMAGE,World,ssp119,kt SF6 / yr,Emissions|SF6,2060,1.9331
622,IMAGE,World,ssp119,kt SO2F2 / yr,Emissions|SO2F2,2060,0.4318
623,IMAGE,World,ssp119,kt cC4F8 / yr,Emissions|cC4F8,2060,0.2163
624,REMIND-MAGPIE,World,ssp585,Mt BC / yr,Emissions|BC,2070,6.0885
625,REMIND-MAGPIE,World,ssp585,Mt CH4 / yr,Emissions|CH4,2070,597.128
626,REMIND-MAGPIE,World,ssp585,Mt CO / yr,Emissions|CO,2070,666.542
627,REMIND-MAGPIE,World,ssp585,Mt CO2 / yr,Emissions|CO2|MAGICC AFOLU,2070,-229.931
628,REMIND-MAGPIE,World,ssp585,Mt CO2 / yr,Emissions|CO2|MAGICC Fossil and Industrial,2070,117035.0
629,REMIND-MAGPIE,World,ssp585,Mt NH3 / yr,Emissions|NH3,2070,85.2471
630,REMIND-MAGPIE,World,ssp585,Mt NOx / yr,Emissions|NOx,2070,157.301
631,REMIND-MAGPIE,World,ssp585,Mt OC / yr,Emissions|OC,2070,19.3602
632,REMIND-MAGPIE,World,ssp585,Mt SO2 / yr,Emissions|Sulfur,2070,61.3976
633,REMIND-MAGPIE,World,ssp585,Mt VOC / yr,Emissions|VOC,2070,203.193
634,REMIND-MAGPIE,World,ssp585,kt C2F6 / yr,Emissions|C2F6,2070,0.3841
635,REMIND-MAGPIE,World,ssp585,kt C3F8 / yr,Emissions|C3F8,2070,0.1096
636,REMIND-MAGPIE,World,ssp585,kt C4F10 / yr,Emissions|C4F10,2070,0.0243
637,REMIND-MAGPIE,World,ssp585,kt C5F12 / yr,Emissions|C5F12,2070,0.0106
638,REMIND-MAGPIE,World,ssp585,kt C6F14 / yr,Emissions|C6F14,2070,0.0857
639,REMIND-MAGPIE,World,ssp585,kt C7F16 / yr,Emissions|C7F16,2070,0.0572
640,REMIND-MAGPIE,World,ssp585,kt C8F18 / yr,Emissions|C8F18,2070,0.0248
641,REMIND-MAGPIE,World,ssp585,kt CCl4 / yr,Emissions|CCl4,2070,1.5818
642,REMIND-MAGPIE,World,ssp585,kt CF4 / yr,Emissions|CF4,2070,6.8289
643,REMIND-MAGPIE,World,ssp585,kt CFC11 / yr,Emissions|CFC11,2070,4.0512
644,REMIND-MAGPIE,World,ssp585,kt CFC113 / yr,Emissions|CFC113,2070,0.0002
645,REMIND-MAGPIE,World,ssp585,kt CFC114 / yr,Emissions|CFC114,2070,0.0018
646,REMIND-MAGPIE,World,ssp585,kt CFC115 / yr,Emissions|CFC115,2070,0.2124
647,REMIND-MAGPIE,World,ssp585,kt CFC12 / yr,Emissions|CFC12,2070,0.0008
648,REMIND-MAGPIE,World,ssp585,kt CH2Cl2 / yr,Emissions|CH2Cl2,2070,2977.41
649,REMIND-MAGPIE,World,ssp585,kt CH3Br / yr,Emissions|CH3Br,2070,112.118
650,REMIND-MAGPIE,World,ssp585,kt CH3CCl3 / yr,Emissions|CH3CCl3,2070,0.0
651,REMIND-MAGPIE,World,ssp585,kt CH3Cl / yr,Emissions|CH3Cl,2070,4985.07
652,REMIND-MAGPIE,World,ssp585,kt CHCl3 / yr,Emissions|CHCl3,2070,318.139
653,REMIND-MAGPIE,World,ssp585,kt HCFC141b / yr,Emissions|HCFC141b,2070,5.9372
654,REMIND-MAGPIE,World,ssp585,kt HCFC142b / yr,Emissions|HCFC142b,2070,0.0796
655,REMIND-MAGPIE,World,ssp585,kt HCFC22 / yr,Emissions|HCFC22,2070,0.0163
656,REMIND-MAGPIE,World,ssp585,kt HFC125 / yr,Emissions|HFC125,2070,808.14
657,REMIND-MAGPIE,World,ssp585,kt HFC134a / yr,Emissions|HFC134a,2070,539.97
658,REMIND-MAGPIE,World,ssp585,kt HFC143a / yr,Emissions|HFC143a,2070,313.213
659,REMIND-MAGPIE,World,ssp585,kt HFC152a / yr,Emissions|HFC152a,2070,57.103
660,REMIND-MAGPIE,World,ssp585,kt HFC227ea / yr,Emissions|HFC227ea,2070,11.6069
661,REMIND-MAGPIE,World,ssp585,kt HFC23 / yr,Emissions|HFC23,2070,0.1112
662,REMIND-MAGPIE,World,ssp585,kt HFC236fa / yr,Emissions|HFC236fa,2070,2.5363
663,REMIND-MAGPIE,World,ssp585,kt HFC245fa / yr,Emissions|HFC245fa,2070,114.238
664,REMIND-MAGPIE,World,ssp585,kt HFC32 / yr,Emissions|HFC32,2070,0.2962
665,REMIND-MAGPIE,World,ssp585,kt HFC365mfc / yr,Emissions|HFC365mfc,2070,12.4308
666,REMIND-MAGPIE,World,ssp585,kt HFC4310mee / yr,Emissions|HFC4310mee,2070,1.1768
667,REMIND-MAGPIE,World,ssp585,kt Halon1202 / yr,Emissions|Halon1202,2070,0.0
668,REMIND-MAGPIE,World,ssp585,kt Halon1211 / yr,Emissions|Halon1211,2070,0.0361
669,REMIND-MAGPIE,World,ssp585,kt Halon1301 / yr,Emissions|Halon1301,2070,0.1668
670,REMIND-MAGPIE,World,ssp585,kt Halon2402 / yr,Emissions|Halon2402,2070,0.0306
671,REMIND-MAGPIE,World,ssp585,kt N2O / yr,Emissions|N2O,2070,13434.1
672,REMIND-MAGPIE,World,ssp585,kt NF3 / yr,Emissions|NF3,2070,1.9069
673,REMIND-MAGPIE,World,ssp585,kt SF6 / yr,Emissions|SF6,2070,11.2612
674,REMIND-MAGPIE,World,ssp585,kt SO2F2 / yr,Emissions|SO2F2,2070,1.5905
675,REMIND-MAGPIE,World,ssp585,kt cC4F8 / yr,Emissions|cC4F8,2070,0.796
676,IMAGE,World,ssp119,Mt BC / yr,Emissions|BC,2070,2.3703
677,IMAGE,World,ssp119,Mt CH4 / yr,Emissions|CH4,2070,146.46
678,IMAGE,World,ssp119,Mt CO / yr,Emissions|CO,2070,396.224
679,IMAGE,World,ssp119,Mt CO2 / yr,Emissions|CO2|MAGICC AFOLU,2070,-1832.28
680,IMAGE,World,ssp119,Mt CO2 / yr,Emissions|CO2|MAGICC Fossil and Industrial,2070,-2644.69
681,IMAGE,World,ssp119,Mt NH3 / yr,Emissions|NH3,2070,63.8746
682,IMAGE,World,ssp119,Mt NOx / yr,Emissions|NOx,2070,42.5813
683,IMAGE,World,ssp119,Mt OC / yr,Emissions|OC,2070,15.5689
684,IMAGE,World,ssp119,Mt SO2 / yr,Emissions|Sulfur,2070,18.4064
685,IMAGE,World,ssp119,Mt VOC / yr,Emissions|VOC,2070,75.2484
686,IMAGE,World,ssp119,kt C2F6 / yr,Emissions|C2F6,2070,0.0659
687,IMAGE,World,ssp119,kt C3F8 / yr,Emissions|C3F8,2070,0.0188
688,IMAGE,World,ssp119,kt C4F10 / yr,Emissions|C4F10,2070,0.0042
689,IMAGE,World,ssp119,kt C5F12 / yr,Emissions|C5F12,2070,0.0018
690,IMAGE,World,ssp119,kt C6F14 / yr,Emissions|C6F14,2070,0.0147
691,IMAGE,World,ssp119,kt C7F16 / yr,Emissions|C7F16,2070,0.0098
692,IMAGE,World,ssp119,kt C8F18 / yr,Emissions|C8F18,2070,0.0043
693,IMAGE,World,ssp119,kt CCl4 / yr,Emissions|CCl4,2070,1.5818
694,IMAGE,World,ssp119,kt CF4 / yr,Emissions|CF4,2070,1.6195
695,IMAGE,World,ssp119,kt CFC11 / yr,Emissions|CFC11,2070,4.0512
696,IMAGE,World,ssp119,kt CFC113 / yr,Emissions|CFC113,2070,0.0002
697,IMAGE,World,ssp119,kt CFC114 / yr,Emissions|CFC114,2070,0.0018
698,IMAGE,World,ssp119,kt CFC115 / yr,Emissions|CFC115,2070,0.2124
699,IMAGE,World,ssp119,kt CFC12 / yr,Emissions|CFC12,2070,0.0008
700,IMAGE,World,ssp119,kt CH2Cl2 / yr,Emissions|CH2Cl2,2070,327.907
701,IMAGE,World,ssp119,kt CH3Br / yr,Emissions|CH3Br,2070,106.294
702,IMAGE,World,ssp119,kt CH3CCl3 / yr,Emissions|CH3CCl3,2070,0.0
703,IMAGE,World,ssp119,kt CH3Cl / yr,Emissions|CH3Cl,2070,4443.96
704,IMAGE,World,ssp119,kt CHCl3 / yr,Emissions|CHCl3,2070,280.17
705,IMAGE,World,ssp119,kt HCFC141b / yr,Emissions|HCFC141b,2070,5.9372
706,IMAGE,World,ssp119,kt HCFC142b / yr,Emissions|HCFC142b,2070,0.0796
707,IMAGE,World,ssp119,kt HCFC22 / yr,Emissions|HCFC22,2070,0.0163
708,IMAGE,World,ssp119,kt HFC125 / yr,Emissions|HFC125,2070,24.045
709,IMAGE,World,ssp119,kt HFC134a / yr,Emissions|HFC134a,2070,16.066
710,IMAGE,World,ssp119,kt HFC143a / yr,Emissions|HFC143a,2070,9.3192
711,IMAGE,World,ssp119,kt HFC152a / yr,Emissions|HFC152a,2070,1.6983
712,IMAGE,World,ssp119,kt HFC227ea / yr,Emissions|HFC227ea,2070,0.3453
713,IMAGE,World,ssp119,kt HFC23 / yr,Emissions|HFC23,2070,0.0033
714,IMAGE,World,ssp119,kt HFC236fa / yr,Emissions|HFC236fa,2070,0.0755
715,IMAGE,World,ssp119,kt HFC245fa / yr,Emissions|HFC245fa,2070,3.399
716,IMAGE,World,ssp119,kt HFC32 / yr,Emissions|HFC32,2070,0.0088
717,IMAGE,World,ssp119,kt HFC365mfc / yr,Emissions|HFC365mfc,2070,0.3698
718,IMAGE,World,ssp119,kt HFC4310mee / yr,Emissions|HFC4310mee,2070,0.035
719,IMAGE,World,ssp119,kt Halon1202 / yr,Emissions|Halon1202,2070,0.0
720,IMAGE,World,ssp119,kt Halon1211 / yr,Emissions|Halon1211,2070,0.0361
721,IMAGE,World,ssp119,kt Halon1301 / yr,Emissions|Halon1301,2070,0.1668
722,IMAGE,World,ssp119,kt Halon2402 / yr,Emissions|Halon2402,2070,0.0306
723,IMAGE,World,ssp119,kt N2O / yr,Emissions|N2O,2070,7958.15
724,IMAGE,World,ssp119,kt NF3 / yr,Emissions|NF3,2070,0.2813
725,IMAGE,World,ssp119,kt SF6 / yr,Emissions|SF6,2070,1.6611
726,IMAGE,World,ssp119,kt SO2F2 / yr,Emissions|SO2F2,2070,0.3772
727,IMAGE,World,ssp119,kt cC4F8 / yr,Emissions|cC4F8,2070,0.1887
728,REMIND-MAGPIE,World,ssp585,Mt BC / yr,Emissions|BC,2080,5.4241
729,REMIND-MAGPIE,World,ssp585,Mt CH4 / yr,Emissions|CH4,2080,568.979
730,REMIND-MAGPIE,World,ssp585,Mt CO / yr,Emissions|CO,2080,653.751
731,REMIND-MAGPIE,World,ssp585,Mt CO2 / yr,Emissions|CO2|MAGICC AFOLU,2080,-147.852
732,REMIND-MAGPIE,World,ssp585,Mt CO2 / yr,Emissions|CO2|MAGICC Fossil and Industrial,2080,129795.0
733,REMIND-MAGPIE,World,ssp585,Mt NH3 / yr,Emissions|NH3,2080,84.5319
734,REMIND-MAGPIE,World,ssp585,Mt NOx / yr,Emissions|NOx,2080,145.374
735,REMIND-MAGPIE,World,ssp585,Mt OC / yr,Emissions|OC,2080,18.9423
736,REMIND-MAGPIE,World,ssp585,Mt SO2 / yr,Emissions|Sulfur,2080,53.2935
737,REMIND-MAGPIE,World,ssp585,Mt VOC / yr,Emissions|VOC,2080,200.116
738,REMIND-MAGPIE,World,ssp585,kt C2F6 / yr,Emissions|C2F6,2080,0.3133
739,REMIND-MAGPIE,World,ssp585,kt C3F8 / yr,Emissions|C3F8,2080,0.0894
740,REMIND-MAGPIE,World,ssp585,kt C4F10 / yr,Emissions|C4F10,2080,0.0198
741,REMIND-MAGPIE,World,ssp585,kt C5F12 / yr,Emissions|C5F12,2080,0.0087
742,REMIND-MAGPIE,World,ssp585,kt C6F14 / yr,Emissions|C6F14,2080,0.0698
743,REMIND-MAGPIE,World,ssp585,kt C7F16 / yr,Emissions|C7F16,2080,0.0467
744,REMIND-MAGPIE,World,ssp585,kt C8F18 / yr,Emissions|C8F18,2080,0.0202
745,REMIND-MAGPIE,World,ssp585,kt CCl4 / yr,Emissions|CCl4,2080,0.852
746,REMIND-MAGPIE,World,ssp585,kt CF4 / yr,Emissions|CF4,2080,6.5731
747,REMIND-MAGPIE,World,ssp585,kt CFC11 / yr,Emissions|CFC11,2080,2.6304
748,REMIND-MAGPIE,World,ssp585,kt CFC113 / yr,Emissions|CFC113,2080,0.0
749,REMIND-MAGPIE,World,ssp585,kt CFC114 / yr,Emissions|CFC114,2080,0.0004
750,REMIND-MAGPIE,World,ssp585,kt CFC115 / yr,Emissions|CFC115,2080,0.1459
751,REMIND-MAGPIE,World,ssp585,kt CFC12 / yr,Emissions|CFC12,2080,0.0001
752,REMIND-MAGPIE,World,ssp585,kt CH2Cl2 / yr,Emissions|CH2Cl2,2080,3262.15
753,REMIND-MAGPIE,World,ssp585,kt CH3Br / yr,Emissions|CH3Br,2080,110.822
754,REMIND-MAGPIE,World,ssp585,kt CH3CCl3 / yr,Emissions|CH3CCl3,2080,0.0
755,REMIND-MAGPIE,World,ssp585,kt CH3Cl / yr,Emissions|CH3Cl,2080,4958.5
756,REMIND-MAGPIE,World,ssp585,kt CHCl3 / yr,Emissions|CHCl3,2080,309.691
757,REMIND-MAGPIE,World,ssp585,kt HCFC141b / yr,Emissions|HCFC141b,2080,3.3946
758,REMIND-MAGPIE,World,ssp585,kt HCFC142b / yr,Emissions|HCFC142b,2080,0.0224
759,REMIND-MAGPIE,World,ssp585,kt HCFC22 / yr,Emissions|HCFC22,2080,0.0015
760,REMIND-MAGPIE,World,ssp585,kt HFC125 / yr,Emissions|HFC125,2080,874.273
761,REMIND-MAGPIE,World,ssp585,kt HFC134a / yr,Emissions|HFC134a,2080,596.274
762,REMIND-MAGPIE,World,ssp585,kt HFC143a / yr,Emissions|HFC143a,2080,342.432
763,REMIND-MAGPIE,World,ssp585,kt HFC152a / yr,Emissions|HFC152a,2080,58.0027
764,REMIND-MAGPIE,World,ssp585,kt HFC227ea / yr,Emissions|HFC227ea,2080,11.4664
765,REMIND-MAGPIE,World,ssp585,kt HFC23 / yr,Emissions|HFC23,2080,0.0583
766,REMIND-MAGPIE,World,ssp585,kt HFC236fa / yr,Emissions|HFC236fa,2080,2.8325
767,REMIND-MAGPIE,World,ssp585,kt HFC245fa / yr,Emissions|HFC245fa,2080,127.578
768,REMIND-MAGPIE,World,ssp585,kt HFC32 / yr,Emissions|HFC32,2080,0.1553
769,REMIND-MAGPIE,World,ssp585,kt HFC365mfc / yr,Emissions|HFC365mfc,2080,13.7269
770,REMIND-MAGPIE,World,ssp585,kt HFC4310mee / yr,Emissions|HFC4310mee,2080,1.1953
771,REMIND-MAGPIE,World,ssp585,kt Halon1202 / yr,Emissions|Halon1202,2080,0.0
772,REMIND-MAGPIE,World,ssp585,kt Halon1211 / yr,Emissions|Halon1211,2080,0.0159
773,REMIND-MAGPIE,World,ssp585,kt Halon1301 / yr,Emissions|Halon1301,2080,0.1143
774,REMIND-MAGPIE,World,ssp585,kt Halon2402 / yr,Emissions|Halon2402,2080,0.0197
775,REMIND-MAGPIE,World,ssp585,kt N2O / yr,Emissions|N2O,2080,13488.3
776,REMIND-MAGPIE,World,ssp585,kt NF3 / yr,Emissions|NF3,2080,1.8797
777,REMIND-MAGPIE,World,ssp585,kt SF6 / yr,Emissions|SF6,2080,11.1
778,REMIND-MAGPIE,World,ssp585,kt SO2F2 / yr,Emissions|SO2F2,2080,1.531
779,REMIND-MAGPIE,World,ssp585,kt cC4F8 / yr,Emissions|cC4F8,2080,0.7662
780,IMAGE,World,ssp119,Mt BC / yr,Emissions|BC,2080,2.2437
781,IMAGE,World,ssp119,Mt CH4 / yr,Emissions|CH4,2080,132.247
782,IMAGE,World,ssp119,Mt CO / yr,Emissions|CO,2080,374.055
783,IMAGE,World,ssp119,Mt CO2 / yr,Emissions|CO2|MAGICC AFOLU,2080,-2121.98
784,IMAGE,World,ssp119,Mt CO2 / yr,Emissions|CO2|MAGICC Fossil and Industrial,2080,-5186.8
785,IMAGE,World,ssp119,Mt NH3 / yr,Emissions|NH3,2080,63.6149
786,IMAGE,World,ssp119,Mt NOx / yr,Emissions|NOx,2080,40.3058
787,IMAGE,World,ssp119,Mt OC / yr,Emissions|OC,2080,14.532
788,IMAGE,World,ssp119,Mt SO2 / yr,Emissions|Sulfur,2080,15.5041
789,IMAGE,World,ssp119,Mt VOC / yr,Emissions|VOC,2080,66.4428
790,IMAGE,World,ssp119,kt C2F6 / yr,Emissions|C2F6,2080,0.045
791,IMAGE,World,ssp119,kt C3F8 / yr,Emissions|C3F8,2080,0.0128
792,IMAGE,World,ssp119,kt C4F10 / yr,Emissions|C4F10,2080,0.0029
793,IMAGE,World,ssp119,kt C5F12 / yr,Emissions|C5F12,2080,0.0012
794,IMAGE,World,ssp119,kt C6F14 / yr,Emissions|C6F14,2080,0.0101
795,IMAGE,World,ssp119,kt C7F16 / yr,Emissions|C7F16,2080,0.0067
796,IMAGE,World,ssp119,kt C8F18 / yr,Emissions|C8F18,2080,0.0029
797,IMAGE,World,ssp119,kt CCl4 / yr,Emissions|CCl4,2080,0.852
798,IMAGE,World,ssp119,kt CF4 / yr,Emissions|CF4,2080,1.4255
799,IMAGE,World,ssp119,kt CFC11 / yr,Emissions|CFC11,2080,2.6304
800,IMAGE,World,ssp119,kt CFC113 / yr,Emissions|CFC113,2080,0.0
801,IMAGE,World,ssp119,kt CFC114 / yr,Emissions|CFC114,2080,0.0004
802,IMAGE,World,ssp119,kt CFC115 / yr,Emissions|CFC115,2080,0.1459
803,IMAGE,World,ssp119,kt CFC12 / yr,Emissions|CFC12,2080,0.0001
804,IMAGE,World,ssp119,kt CH2Cl2 / yr,Emissions|CH2Cl2,2080,334.69
805,IMAGE,World,ssp119,kt CH3Br / yr,Emissions|CH3Br,2080,105.911
806,IMAGE,World,ssp119,kt CH3CCl3 / yr,Emissions|CH3CCl3,2080,0.0
807,IMAGE,World,ssp119,kt CH3Cl / yr,Emissions|CH3Cl,2080,4423.81
808,IMAGE,World,ssp119,kt CHCl3 / yr,Emissions|CHCl3,2080,277.676
809,IMAGE,World,ssp119,kt HCFC141b / yr,Emissions|HCFC141b,2080,3.3946
810,IMAGE,World,ssp119,kt HCFC142b / yr,Emissions|HCFC142b,2080,0.0224
811,IMAGE,World,ssp119,kt HCFC22 / yr,Emissions|HCFC22,2080,0.0015
812,IMAGE,World,ssp119,kt HFC125 / yr,Emissions|HFC125,2080,25.5229
813,IMAGE,World,ssp119,kt HFC134a / yr,Emissions|HFC134a,2080,17.4072
814,IMAGE,World,ssp119,kt HFC143a / yr,Emissions|HFC143a,2080,9.9967
815,IMAGE,World,ssp119,kt HFC152a / yr,Emissions|HFC152a,2080,1.6923
816,IMAGE,World,ssp119,kt HFC227ea / yr,Emissions|HFC227ea,2080,0.3348
817,IMAGE,World,ssp119,kt HFC23 / yr,Emissions|HFC23,2080,0.0017
818,IMAGE,World,ssp119,kt HFC236fa / yr,Emissions|HFC236fa,2080,0.0827
819,IMAGE,World,ssp119,kt HFC245fa / yr,Emissions|HFC245fa,2080,3.7244
820,IMAGE,World,ssp119,kt HFC32 / yr,Emissions|HFC32,2080,0.0045
821,IMAGE,World,ssp119,kt HFC365mfc / yr,Emissions|HFC365mfc,2080,0.4007
822,IMAGE,World,ssp119,kt HFC4310mee / yr,Emissions|HFC4310mee,2080,0.0349
823,IMAGE,World,ssp119,kt Halon1202 / yr,Emissions|Halon1202,2080,0.0
824,IMAGE,World,ssp119,kt Halon1211 / yr,Emissions|Halon1211,2080,0.0159
825,IMAGE,World,ssp119,kt Halon1301 / yr,Emissions|Halon1301,2080,0.1143
826,IMAGE,World,ssp119,kt Halon2402 / yr,Emissions|Halon2402,2080,0.0197
827,IMAGE,World,ssp119,kt N2O / yr,Emissions|N2O,2080,7978.92
828,IMAGE,World,ssp119,kt NF3 / yr,Emissions|NF3,2080,0.233
829,IMAGE,World,ssp119,kt SF6 / yr,Emissions|SF6,2080,1.3755
830,IMAGE,World,ssp119,kt SO2F2 / yr,Emissions|SO2F2,2080,0.332
831,IMAGE,World,ssp119,kt cC4F8 / yr,Emissions|cC4F8,2080,0.1663
832,REMIND-MAGPIE,World,ssp585,Mt BC / yr,Emissions|BC,2090,4.4047
833,REMIND-MAGPIE,World,ssp585,Mt CH4 / yr,Emissions|CH4,2090,513.331
834,REMIND-MAGPIE,World,ssp585,Mt CO / yr,Emissions|CO,2090,616.607
835,REMIND-MAGPIE,World,ssp585,Mt CO2 / yr,Emissions|CO2|MAGICC AFOLU,2090,-495.368
836,REMIND-MAGPIE,World,ssp585,Mt CO2 / yr,Emissions|CO2|MAGICC Fossil and Industrial,2090,131072.0
837,REMIND-MAGPIE,World,ssp585,Mt NH3 / yr,Emissions|NH3,2090,84.6476
838,REMIND-MAGPIE,World,ssp585,Mt NOx / yr,Emissions|NOx,2090,123.551
839,REMIND-MAGPIE,World,ssp585,Mt OC / yr,Emissions|OC,2090,18.2181
840,REMIND-MAGPIE,World,ssp585,Mt SO2 / yr,Emissions|Sulfur,2090,41.935
841,REMIND-MAGPIE,World,ssp585,Mt VOC / yr,Emissions|VOC,2090,188.573
842,REMIND-MAGPIE,World,ssp585,kt C2F6 / yr,Emissions|C2F6,2090,0.1876
843,REMIND-MAGPIE,World,ssp585,kt C3F8 / yr,Emissions|C3F8,2090,0.0535
844,REMIND-MAGPIE,World,ssp585,kt C4F10 / yr,Emissions|C4F10,2090,0.0118
845,REMIND-MAGPIE,World,ssp585,kt C5F12 / yr,Emissions|C5F12,2090,0.0052
846,REMIND-MAGPIE,World,ssp585,kt C6F14 / yr,Emissions|C6F14,2090,0.0418
847,REMIND-MAGPIE,World,ssp585,kt C7F16 / yr,Emissions|C7F16,2090,0.0279
848,REMIND-MAGPIE,World,ssp585,kt C8F18 / yr,Emissions|C8F18,2090,0.0121
849,REMIND-MAGPIE,World,ssp585,kt CCl4 / yr,Emissions|CCl4,2090,0.4589
850,REMIND-MAGPIE,World,ssp585,kt CF4 / yr,Emissions|CF4,2090,6.1178
851,REMIND-MAGPIE,World,ssp585,kt CFC11 / yr,Emissions|CFC11,2090,1.7078
852,REMIND-MAGPIE,World,ssp585,kt CFC113 / yr,Emissions|CFC113,2090,-0.0
853,REMIND-MAGPIE,World,ssp585,kt CFC114 / yr,Emissions|CFC114,2090,0.0002
854,REMIND-MAGPIE,World,ssp585,kt CFC115 / yr,Emissions|CFC115,2090,0.1002
855,REMIND-MAGPIE,World,ssp585,kt CFC12 / yr,Emissions|CFC12,2090,-0.0
856,REMIND-MAGPIE,World,ssp585,kt CH2Cl2 / yr,Emissions|CH2Cl2,2090,3278.13
857,REMIND-MAGPIE,World,ssp585,kt CH3Br / yr,Emissions|CH3Br,2090,108.521
858,REMIND-MAGPIE,World,ssp585,kt CH3CCl3 / yr,Emissions|CH3CCl3,2090,0.0
859,REMIND-MAGPIE,World,ssp585,kt CH3Cl / yr,Emissions|CH3Cl,2090,4911.21
860,REMIND-MAGPIE,World,ssp585,kt CHCl3 / yr,Emissions|CHCl3,2090,294.691
861,REMIND-MAGPIE,World,ssp585,kt HCFC141b / yr,Emissions|HCFC141b,2090,1.9408
862,REMIND-MAGPIE,World,ssp585,kt HCFC142b / yr,Emissions|HCFC142b,2090,0.0063
863,REMIND-MAGPIE,World,ssp585,kt HCFC22 / yr,Emissions|HCFC22,2090,0.0002
864,REMIND-MAGPIE,World,ssp585,kt HFC125 / yr,Emissions|HFC125,2090,843.549
865,REMIND-MAGPIE,World,ssp585,kt HFC134a / yr,Emissions|HFC134a,2090,599.435
866,REMIND-MAGPIE,World,ssp585,kt HFC143a / yr,Emissions|HFC143a,2090,330.114
867,REMIND-MAGPIE,World,ssp585,kt HFC152a / yr,Emissions|HFC152a,2090,54.1236
868,REMIND-MAGPIE,World,ssp585,kt HFC227ea / yr,Emissions|HFC227ea,2090,10.3377
869,REMIND-MAGPIE,World,ssp585,kt HFC23 / yr,Emissions|HFC23,2090,0.0272
870,REMIND-MAGPIE,World,ssp585,kt HFC236fa / yr,Emissions|HFC236fa,2090,2.8207
871,REMIND-MAGPIE,World,ssp585,kt HFC245fa / yr,Emissions|HFC245fa,2090,127.046
872,REMIND-MAGPIE,World,ssp585,kt HFC32 / yr,Emissions|HFC32,2090,0.0724
873,REMIND-MAGPIE,World,ssp585,kt HFC365mfc / yr,Emissions|HFC365mfc,2090,13.7997
874,REMIND-MAGPIE,World,ssp585,kt HFC4310mee / yr,Emissions|HFC4310mee,2090,1.1154
875,REMIND-MAGPIE,World,ssp585,kt Halon1202 / yr,Emissions|Halon1202,2090,0.0
876,REMIND-MAGPIE,World,ssp585,kt Halon1211 / yr,Emissions|Halon1211,2090,0.007
877,REMIND-MAGPIE,World,ssp585,kt Halon1301 / yr,Emissions|Halon1301,2090,0.0783
878,REMIND-MAGPIE,World,ssp585,kt Halon2402 / yr,Emissions|Halon2402,2090,0.0126
879,REMIND-MAGPIE,World,ssp585,kt N2O / yr,Emissions|N2O,2090,13224.0
880,REMIND-MAGPIE,World,ssp585,kt NF3 / yr,Emissions|NF3,2090,1.8356
881,REMIND-MAGPIE,World,ssp585,kt SF6 / yr,Emissions|SF6,2090,10.84
882,REMIND-MAGPIE,World,ssp585,kt SO2F2 / yr,Emissions|SO2F2,2090,1.4249
883,REMIND-MAGPIE,World,ssp585,kt cC4F8 / yr,Emissions|cC4F8,2090,0.7133
884,IMAGE,World,ssp119,Mt BC / yr,Emissions|BC,2090,2.1774
885,IMAGE,World,ssp119,Mt CH4 / yr,Emissions|CH4,2090,120.764
886,IMAGE,World,ssp119,Mt CO / yr,Emissions|CO,2090,362.739
887,IMAGE,World,ssp119,Mt CO2 / yr,Emissions|CO2|MAGICC AFOLU,2090,-2222.96
888,IMAGE,World,ssp119,Mt CO2 / yr,Emissions|CO2|MAGICC Fossil and Industrial,2090,-8342.06
889,IMAGE,World,ssp119,Mt NH3 / yr,Emissions|NH3,2090,63.5182
890,IMAGE,World,ssp119,Mt NOx / yr,Emissions|NOx,2090,38.4652
891,IMAGE,World,ssp119,Mt OC / yr,Emissions|OC,2090,13.9669
892,IMAGE,World,ssp119,Mt SO2 / yr,Emissions|Sulfur,2090,12.622
893,IMAGE,World,ssp119,Mt VOC / yr,Emissions|VOC,2090,62.7837
894,IMAGE,World,ssp119,kt C2F6 / yr,Emissions|C2F6,2090,0.0273
895,IMAGE,World,ssp119,kt C3F8 / yr,Emissions|C3F8,2090,0.0078
896,IMAGE,World,ssp119,kt C4F10 / yr,Emissions|C4F10,2090,0.0017
897,IMAGE,World,ssp119,kt C5F12 / yr,Emissions|C5F12,2090,0.0007
898,IMAGE,World,ssp119,kt C6F14 / yr,Emissions|C6F14,2090,0.0061
899,IMAGE,World,ssp119,kt C7F16 / yr,Emissions|C7F16,2090,0.0041
900,IMAGE,World,ssp119,kt C8F18 / yr,Emissions|C8F18,2090,0.0018
901,IMAGE,World,ssp119,kt CCl4 / yr,Emissions|CCl4,2090,0.4589
902,IMAGE,World,ssp119,kt CF4 / yr,Emissions|CF4,2090,1.1751
903,IMAGE,World,ssp119,kt CFC11 / yr,Emissions|CFC11,2090,1.7078
904,IMAGE,World,ssp119,kt CFC113 / yr,Emissions|CFC113,2090,0.0
905,IMAGE,World,ssp119,kt CFC114 / yr,Emissions|CFC114,2090,0.0002
906,IMAGE,World,ssp119,kt CFC115 / yr,Emissions|CFC115,2090,0.1002
907,IMAGE,World,ssp119,kt CFC12 / yr,Emissions|CFC12,2090,-0.0
908,IMAGE,World,ssp119,kt CH2Cl2 / yr,Emissions|CH2Cl2,2090,340.413
909,IMAGE,World,ssp119,kt CH3Br / yr,Emissions|CH3Br,2090,105.587
910,IMAGE,World,ssp119,kt CH3CCl3 / yr,Emissions|CH3CCl3,2090,0.0
911,IMAGE,World,ssp119,kt CH3Cl / yr,Emissions|CH3Cl,2090,4397.8
912,IMAGE,World,ssp119,kt CHCl3 / yr,Emissions|CHCl3,2090,275.564
913,IMAGE,World,ssp119,kt HCFC141b / yr,Emissions|HCFC141b,2090,1.9408
914,IMAGE,World,ssp119,kt HCFC142b / yr,Emissions|HCFC142b,2090,0.0063
915,IMAGE,World,ssp119,kt HCFC22 / yr,Emissions|HCFC22,2090,0.0002
916,IMAGE,World,ssp119,kt HFC125 / yr,Emissions|HFC125,2090,26.0886
917,IMAGE,World,ssp119,kt HFC134a / yr,Emissions|HFC134a,2090,18.5388
918,IMAGE,World,ssp119,kt HFC143a / yr,Emissions|HFC143a,2090,10.2095
919,IMAGE,World,ssp119,kt HFC152a / yr,Emissions|HFC152a,2090,1.6744
920,IMAGE,World,ssp119,kt HFC227ea / yr,Emissions|HFC227ea,2090,0.3198
921,IMAGE,World,ssp119,kt HFC23 / yr,Emissions|HFC23,2090,0.0008
922,IMAGE,World,ssp119,kt HFC236fa / yr,Emissions|HFC236fa,2090,0.0872
923,IMAGE,World,ssp119,kt HFC245fa / yr,Emissions|HFC245fa,2090,3.9292
924,IMAGE,World,ssp119,kt HFC32 / yr,Emissions|HFC32,2090,0.0021
925,IMAGE,World,ssp119,kt HFC365mfc / yr,Emissions|HFC365mfc,2090,0.4268
926,IMAGE,World,ssp119,kt HFC4310mee / yr,Emissions|HFC4310mee,2090,0.0345
927,IMAGE,World,ssp119,kt Halon1202 / yr,Emissions|Halon1202,2090,0.0
928,IMAGE,World,ssp119,kt Halon1211 / yr,Emissions|Halon1211,2090,0.007
929,IMAGE,World,ssp119,kt Halon1301 / yr,Emissions|Halon1301,2090,0.0783
930,IMAGE,World,ssp119,kt Halon2402 / yr,Emissions|Halon2402,2090,0.0126
931,IMAGE,World,ssp119,kt N2O / yr,Emissions|N2O,2090,8204.74
932,IMAGE,World,ssp119,kt NF3 / yr,Emissions|NF3,2090,0.1931
933,IMAGE,World,ssp119,kt SF6 / yr,Emissions|SF6,2090,1.14
934,IMAGE,World,ssp119,kt SO2F2 / yr,Emissions|SO2F2,2090,0.2737
935,IMAGE,World,ssp119,kt cC4F8 / yr,Emissions|cC4F8,2090,0.137
936,REMIND-MAGPIE,World,ssp585,Mt BC / yr,Emissions|BC,2100,3.3138
937,REMIND-MAGPIE,World,ssp585,Mt CH4 / yr,Emissions|CH4,2100,482.145
938,REMIND-MAGPIE,World,ssp585,Mt CO / yr,Emissions|CO,2100,576.646
939,REMIND-MAGPIE,World,ssp585,Mt CO2 / yr,Emissions|CO2|MAGICC AFOLU,2100,-1530.32
940,REMIND-MAGPIE,World,ssp585,Mt CO2 / yr,Emissions|CO2|MAGICC Fossil and Industrial,2100,127818.0
941,REMIND-MAGPIE,World,ssp585,Mt NH3 / yr,Emissions|NH3,2100,81.5254
942,REMIND-MAGPIE,World,ssp585,Mt NOx / yr,Emissions|NOx,2100,98.7306
943,REMIND-MAGPIE,World,ssp585,Mt OC / yr,Emissions|OC,2100,17.6029
944,REMIND-MAGPIE,World,ssp585,Mt SO2 / yr,Emissions|Sulfur,2100,29.5147
945,REMIND-MAGPIE,World,ssp585,Mt VOC / yr,Emissions|VOC,2100,163.313
946,REMIND-MAGPIE,World,ssp585,kt C2F6 / yr,Emissions|C2F6,2100,0.1876
947,REMIND-MAGPIE,World,ssp585,kt C3F8 / yr,Emissions|C3F8,2100,0.0535
948,REMIND-MAGPIE,World,ssp585,kt C4F10 / yr,Emissions|C4F10,2100,0.0118
949,REMIND-MAGPIE,World,ssp585,kt C5F12 / yr,Emissions|C5F12,2100,0.0052
950,REMIND-MAGPIE,World,ssp585,kt C6F14 / yr,Emissions|C6F14,2100,0.0418
951,REMIND-MAGPIE,World,ssp585,kt C7F16 / yr,Emissions|C7F16,2100,0.0279
952,REMIND-MAGPIE,World,ssp585,kt C8F18 / yr,Emissions|C8F18,2100,0.0121
953,REMIND-MAGPIE,World,ssp585,kt CCl4 / yr,Emissions|CCl4,2100,0.2461
954,REMIND-MAGPIE,World,ssp585,kt CF4 / yr,Emissions|CF4,2100,6.1178
955,REMIND-MAGPIE,World,ssp585,kt CFC11 / yr,Emissions|CFC11,2100,1.1067
956,REMIND-MAGPIE,World,ssp585,kt CFC113 / yr,Emissions|CFC113,2100,0.0
957,REMIND-MAGPIE,World,ssp585,kt CFC114 / yr,Emissions|CFC114,2100,0.0
958,REMIND-MAGPIE,World,ssp585,kt CFC115 / yr,Emissions|CFC115,2100,0.0686
959,REMIND-MAGPIE,World,ssp585,kt CFC12 / yr,Emissions|CFC12,2100,0.012
960,REMIND-MAGPIE,World,ssp585,kt CH2Cl2 / yr,Emissions|CH2Cl2,2100,3198.7
961,REMIND-MAGPIE,World,ssp585,kt CH3Br / yr,Emissions|CH3Br,2100,108.521
962,REMIND-MAGPIE,World,ssp585,kt CH3CCl3 / yr,Emissions|CH3CCl3,2100,0.0
963,REMIND-MAGPIE,World,ssp585,kt CH3Cl / yr,Emissions|CH3Cl,2100,4911.21
964,REMIND-MAGPIE,World,ssp585,kt CHCl3 / yr,Emissions|CHCl3,2100,294.691
965,REMIND-MAGPIE,World,ssp585,kt HCFC141b / yr,Emissions|HCFC141b,2100,1.2004
966,REMIND-MAGPIE,World,ssp585,kt HCFC142b / yr,Emissions|HCFC142b,2100,0.0209
967,REMIND-MAGPIE,World,ssp585,kt HCFC22 / yr,Emissions|HCFC22,2100,0.009
968,REMIND-MAGPIE,World,ssp585,kt HFC125 / yr,Emissions|HFC125,2100,791.46
969,REMIND-MAGPIE,World,ssp585,kt HFC134a / yr,Emissions|HFC134a,2100,583.729
970,REMIND-MAGPIE,World,ssp585,kt HFC143a / yr,Emissions|HFC143a,2100,309.72
971,REMIND-MAGPIE,World,ssp585,kt HFC152a / yr,Emissions|HFC152a,2100,49.6307
972,REMIND-MAGPIE,World,ssp585,kt HFC227ea / yr,Emissions|HFC227ea,2100,9.1498
973,REMIND-MAGPIE,World,ssp585,kt HFC23 / yr,Emissions|HFC23,2100,0.0
974,REMIND-MAGPIE,World,ssp585,kt HFC236fa / yr,Emissions|HFC236fa,2100,2.7089
975,REMIND-MAGPIE,World,ssp585,kt HFC245fa / yr,Emissions|HFC245fa,2100,122.01
976,REMIND-MAGPIE,World,ssp585,kt HFC32 / yr,Emissions|HFC32,2100,0.0
977,REMIND-MAGPIE,World,ssp585,kt HFC365mfc / yr,Emissions|HFC365mfc,2100,13.4382
978,REMIND-MAGPIE,World,ssp585,kt HFC4310mee / yr,Emissions|HFC4310mee,2100,1.0228
979,REMIND-MAGPIE,World,ssp585,kt Halon1202 / yr,Emissions|Halon1202,2100,0.0
980,REMIND-MAGPIE,World,ssp585,kt Halon1211 / yr,Emissions|Halon1211,2100,0.008
981,REMIND-MAGPIE,World,ssp585,kt Halon1301 / yr,Emissions|Halon1301,2100,0.0536
982,REMIND-MAGPIE,World,ssp585,kt Halon2402 / yr,Emissions|Halon2402,2100,0.0081
983,REMIND-MAGPIE,World,ssp585,kt N2O / yr,Emissions|N2O,2100,12725.0
984,REMIND-MAGPIE,World,ssp585,kt NF3 / yr,Emissions|NF3,2100,1.7814
985,REMIND-MAGPIE,World,ssp585,kt SF6 / yr,Emissions|SF6,2100,10.52
986,REMIND-MAGPIE,World,ssp585,kt SO2F2 / yr,Emissions|SO2F2,2100,1.4249
987,REMIND-MAGPIE,World,ssp585,kt cC4F8 / yr,Emissions|cC4F8,2100,0.7133
988,IMAGE,World,ssp119,Mt BC / yr,Emissions|BC,2100,2.0746
989,IMAGE,World,ssp119,Mt CH4 / yr,Emissions|CH4,2100,111.721
990,IMAGE,World,ssp119,Mt CO / yr,Emissions|CO,2100,346.142
991,IMAGE,World,ssp119,Mt CO2 / yr,Emissions|CO2|MAGICC AFOLU,2100,-2381.43
992,IMAGE,World,ssp119,Mt CO2 / yr,Emissions|CO2|MAGICC Fossil and Industrial,2100,-11508.4
993,IMAGE,World,ssp119,Mt NH3 / yr,Emissions|NH3,2100,63.1821
994,IMAGE,World,ssp119,Mt NOx / yr,Emissions|NOx,2100,37.3682
995,IMAGE,World,ssp119,Mt OC / yr,Emissions|OC,2100,12.9397
996,IMAGE,World,ssp119,Mt SO2 / yr,Emissions|Sulfur,2100,9.4614
997,IMAGE,World,ssp119,Mt VOC / yr,Emissions|VOC,2100,58.5157
998,IMAGE,World,ssp119,kt C2F6 / yr,Emissions|C2F6,2100,0.0096
999,IMAGE,World,ssp119,kt C3F8 / yr,Emissions|C3F8,2100,0.0027
1000,IMAGE,World,ssp119,kt C4F10 / yr,Emissions|C4F10,2100,0.0006
1001,IMAGE,World,ssp119,kt C5F12 / yr,Emissions|C5F12,2100,0.0002
1002,IMAGE,World,ssp119,kt C6F14 / yr,Emissions|C6F14,2100,0.0022
1003,IMAGE,World,ssp119,kt C7F16 / yr,Emissions|C7F16,2100,0.0014
1004,IMAGE,World,ssp119,kt C8F18 / yr,Emissions|C8F18,2100,0.0006
1005,IMAGE,World,ssp119,kt CCl4 / yr,Emissions|CCl4,2100,0.2461
1006,IMAGE,World,ssp119,kt CF4 / yr,Emissions|CF4,2100,0.9247
1007,IMAGE,World,ssp119,kt CFC11 / yr,Emissions|CFC11,2100,1.1067
1008,IMAGE,World,ssp119,kt CFC113 / yr,Emissions|CFC113,2100,0.0
1009,IMAGE,World,ssp119,kt CFC114 / yr,Emissions|CFC114,2100,0.0
1010,IMAGE,World,ssp119,kt CFC115 / yr,Emissions|CFC115,2100,0.0686
1011,IMAGE,World,ssp119,kt CFC12 / yr,Emissions|CFC12,2100,0.012
1012,IMAGE,World,ssp119,kt CH2Cl2 / yr,Emissions|CH2Cl2,2100,339.54
1013,IMAGE,World,ssp119,kt CH3Br / yr,Emissions|CH3Br,2100,105.263
1014,IMAGE,World,ssp119,kt CH3CCl3 / yr,Emissions|CH3CCl3,2100,0.0
1015,IMAGE,World,ssp119,kt CH3Cl / yr,Emissions|CH3Cl,2100,4371.79
1016,IMAGE,World,ssp119,kt CHCl3 / yr,Emissions|CHCl3,2100,273.452
1017,IMAGE,World,ssp119,kt HCFC141b / yr,Emissions|HCFC141b,2100,1.2004
1018,IMAGE,World,ssp119,kt HCFC142b / yr,Emissions|HCFC142b,2100,0.0209
1019,IMAGE,World,ssp119,kt HCFC22 / yr,Emissions|HCFC22,2100,0.009
1020,IMAGE,World,ssp119,kt HFC125 / yr,Emissions|HFC125,2100,24.9023
1021,IMAGE,World,ssp119,kt HFC134a / yr,Emissions|HFC134a,2100,18.3662
1022,IMAGE,World,ssp119,kt HFC143a / yr,Emissions|HFC143a,2100,9.7449
1023,IMAGE,World,ssp119,kt HFC152a / yr,Emissions|HFC152a,2100,1.5612
1024,IMAGE,World,ssp119,kt HFC227ea / yr,Emissions|HFC227ea,2100,0.2879
1025,IMAGE,World,ssp119,kt HFC23 / yr,Emissions|HFC23,2100,0.0
1026,IMAGE,World,ssp119,kt HFC236fa / yr,Emissions|HFC236fa,2100,0.0852
1027,IMAGE,World,ssp119,kt HFC245fa / yr,Emissions|HFC245fa,2100,3.8389
1028,IMAGE,World,ssp119,kt HFC32 / yr,Emissions|HFC32,2100,0.0
1029,IMAGE,World,ssp119,kt HFC365mfc / yr,Emissions|HFC365mfc,2100,0.4228
1030,IMAGE,World,ssp119,kt HFC4310mee / yr,Emissions|HFC4310mee,2100,0.0322
1031,IMAGE,World,ssp119,kt Halon1202 / yr,Emissions|Halon1202,2100,0.0
1032,IMAGE,World,ssp119,kt Halon1211 / yr,Emissions|Halon1211,2100,0.008
1033,IMAGE,World,ssp119,kt Halon1301 / yr,Emissions|Halon1301,2100,0.0536
1034,IMAGE,World,ssp119,kt Halon2402 / yr,Emissions|Halon2402,2100,0.0081
1035,IMAGE,World,ssp119,kt N2O / yr,Emissions|N2O,2100,8339.07
1036,IMAGE,World,ssp119,kt NF3 / yr,Emissions|NF3,2100,0.1519
1037,IMAGE,World,ssp119,kt SF6 / yr,Emissions|SF6,2100,0.8968
1038,IMAGE,World,ssp119,kt SO2F2 / yr,Emissions|SO2F2,2100,0.2154
1039,IMAGE,World,ssp119,kt cC4F8 / yr,Emissions|cC4F8,2100,0.1077
